galaxy_id,radius_kpc,v_obs_kms,v_obs_error
CamB,0.16,1.99,1.5
CamB,0.41,4.84,1.5
CamB,0.57,6.79,1.5
CamB,0.73,8.87,1.5
CamB,0.9,10.9,1.5
CamB,1.06,12.9,1.5
CamB,1.22,14.7,1.5
CamB,1.47,16.8,1.5
CamB,1.79,20.1,1.5
D512-2,0.96,22.9,2.71
D512-2,1.92,33.5,2.71
D512-2,2.88,37.2,4.19
D512-2,3.83,35.9,5.98
D564-8,0.51,8.54,1.53
D564-8,1.02,15.1,1.41
D564-8,1.53,19.8,1.8
D564-8,2.04,21.9,1.82
D564-8,2.56,24,1.89
D564-8,3.07,25,2.05
D631-7,0.45,8.41,1.58
D631-7,0.9,17.8,2.22
D631-7,1.35,26,2.35
D631-7,1.8,30.9,2.22
D631-7,2.25,34.7,1.82
D631-7,2.69,38.8,1.81
D631-7,3.14,42.5,1.57
D631-7,3.59,45.6,1.59
D631-7,4.04,48.8,1.83
D631-7,4.49,51.8,1.91
D631-7,4.94,54.8,2.19
D631-7,5.39,56.6,2.73
D631-7,5.84,58.4,3.27
D631-7,6.29,58.5,3.95
D631-7,6.74,57.7,4.07
D631-7,7.19,57.3,3.94
DDO064,0.1,6.29,4.62
DDO064,0.3,13.9,4.62
DDO064,0.49,15.6,4.62
DDO064,0.69,18.4,4.62
DDO064,0.89,22.5,4.62
DDO064,1.09,26.5,4.62
DDO064,1.29,35.3,4.62
DDO064,1.48,40.5,4.62
DDO064,1.68,44.2,4.89
DDO064,1.88,46.3,4.62
DDO064,2.08,46.4,4.62
DDO064,2.27,46.3,4.62
DDO064,2.37,46.4,6.73
DDO064,2.98,46.9,8.65
DDO154,0.49,13.8,1.6
DDO154,0.99,21.6,0.8
DDO154,1.48,28.9,0.7
DDO154,1.97,34.3,0.5
DDO154,2.47,38.2,0.4
DDO154,2.96,42,0.2
DDO154,3.46,44.6,0.2
DDO154,3.95,46.3,0.2
DDO154,4.44,47.4,0.3
DDO154,4.94,48.2,0.6
DDO154,5.43,47.4,0.7
DDO154,5.92,45.5,1.3
DDO161,0.6,16,3.53
DDO161,0.73,16.6,4.83
DDO161,0.85,18.6,2.5
DDO161,0.98,20,7.58
DDO161,1.07,21.4,4.03
DDO161,1.54,28.9,2.74
DDO161,2.02,32.9,2.65
DDO161,2.49,35.2,2.88
DDO161,2.96,37.6,3.05
DDO161,3.43,40.6,3.68
DDO161,3.9,42.7,3.25
DDO161,4.37,45.5,2.99
DDO161,4.86,48.9,1.96
DDO161,5.34,51.5,1.53
DDO161,5.81,53,1.86
DDO161,6.28,55,1.48
DDO161,6.75,57.6,0.99
DDO161,7.22,59.7,1.19
DDO161,7.69,60.5,1.26
DDO161,8.16,61.8,1.33
DDO161,8.64,62.9,1.35
DDO161,9.11,63,2.09
DDO161,9.58,64.5,2.38
DDO161,10.05,65.6,1.08
DDO161,10.52,67.5,3.22
DDO161,10.99,66.8,2.37
DDO161,11.46,66.8,0.95
DDO161,11.94,66.6,0.96
DDO161,12.41,66.8,0.99
DDO161,12.9,66.3,0.74
DDO161,13.37,66.1,1.31
DDO168,0.41,15,4.1
DDO168,0.82,23.4,1.3
DDO168,1.24,29.2,1.5
DDO168,1.64,36.2,1.1
DDO168,2.06,44,1.1
DDO168,2.47,52.1,1.2
DDO168,2.89,52.9,1.7
DDO168,3.3,54.8,2.2
DDO168,3.71,55,2.5
DDO168,4.12,52,2.7
DDO170,1.87,27.7,3
DDO170,3.36,42.4,1.5
DDO170,4.86,52.5,1
DDO170,6.35,55.6,1
DDO170,7.85,58.6,1.1
DDO170,9.34,59,1.2
DDO170,10.83,60,1.3
DDO170,12.33,62.2,1
ESO079-G014,0.41,33.2,11.6
ESO079-G014,0.98,50.4,11.8
ESO079-G014,1.78,53.9,9.75
ESO079-G014,2.69,67.6,5.1
ESO079-G014,3.36,81.7,5.06
ESO079-G014,4.39,102,5.35
ESO079-G014,5.65,116,6.44
ESO079-G014,6.34,132,9.1
ESO079-G014,6.89,137,5.25
ESO079-G014,8.34,154,4.2
ESO079-G014,10.04,163,3.28
ESO079-G014,11.65,170,2.41
ESO079-G014,13.36,175,2.18
ESO079-G014,15.06,177,2.23
ESO079-G014,16.67,178,2.03
ESO116-G012,0.25,20.9,3.4
ESO116-G012,0.83,40,3.29
ESO116-G012,1.38,51.5,2.96
ESO116-G012,1.85,67.9,3.45
ESO116-G012,2.68,80.2,2.93
ESO116-G012,3.19,83.3,3.08
ESO116-G012,3.68,91.4,2.83
ESO116-G012,4.13,102,5.4
ESO116-G012,5.23,105,4.21
ESO116-G012,6.05,109,2.1
ESO116-G012,6.81,108,2.1
ESO116-G012,7.56,109,2.1
ESO116-G012,8.32,110,2.1
ESO116-G012,9.09,111,2.33
ESO116-G012,9.86,112,4.74
ESO444-G084,0.26,18.3,1.8
ESO444-G084,0.77,35.3,3
ESO444-G084,1.29,47.8,4.63
ESO444-G084,1.81,52.8,1.26
ESO444-G084,2.32,58,3.11
ESO444-G084,3.39,63.1,1.35
ESO444-G084,4.44,62.7,7.36
ESO563-G021,0.45,18.9,9.78
ESO563-G021,1.34,58.3,10.5
ESO563-G021,2.23,74.1,5.69
ESO563-G021,3.12,119,4.27
ESO563-G021,4.01,141,3.76
ESO563-G021,4.9,195,4.54
ESO563-G021,5.79,227,4.2
ESO563-G021,6.69,246,4.24
ESO563-G021,7.58,268,5.56
ESO563-G021,8.47,283,2.96
ESO563-G021,10.23,291,9.81
ESO563-G021,12.06,310,4.74
ESO563-G021,13.44,310,20.4
ESO563-G021,15.18,310,16.1
ESO563-G021,16.83,314,13.5
ESO563-G021,18.56,317,12.7
ESO563-G021,20.3,319,10.4
ESO563-G021,21.94,318,10.8
ESO563-G021,23.68,317,9.3
ESO563-G021,25.41,317,7.23
ESO563-G021,27.06,312,8.39
ESO563-G021,28.8,312,8.37
ESO563-G021,30.53,311,11.5
ESO563-G021,32.18,310,14.5
ESO563-G021,33.91,313,15.9
ESO563-G021,35.65,320,8.83
ESO563-G021,37.3,321,7.88
ESO563-G021,39.03,320,8
ESO563-G021,40.76,315,9.82
ESO563-G021,42.41,312,9.07
F561-1,1.61,23.4,10
F561-1,3.23,40.6,5
F561-1,4.84,45.5,5
F561-1,6.45,49.2,5
F561-1,8.06,50.4,5
F561-1,9.66,50.4,5
F563-1,1.07,22.1,7.17
F563-1,1.78,42.7,10.66
F563-1,2.49,60.6,7.69
F563-1,2.97,76.8,11.1
F563-1,3.04,81.6,17.5
F563-1,3.19,87,8.93
F563-1,6.95,90,24.8
F563-1,8.58,97.8,9.4
F563-1,9.26,93.7,25.3
F563-1,9.89,103,23.8
F563-1,10.08,97.4,11
F563-1,11.84,106.5,9.48
F563-1,14.56,112,11
F563-1,15.43,111.5,9.4
F563-1,17.93,111,24.3
F563-1,19.02,112.5,7.75
F563-1,20.1,106,10.7
F563-V1,1.31,12,5
F563-V1,2.63,21.7,5
F563-V1,3.93,28.6,5
F563-V1,5.24,29.5,5
F563-V1,6.55,28.6,5
F563-V1,7.87,27.3,5
F563-V2,0.28,11.9,7.89
F563-V2,0.87,34.8,7.89
F563-V2,1.46,58.5,8.68
F563-V2,2.05,81.5,14.2
F563-V2,2.35,91.8,17.5
F563-V2,4.76,114,8.68
F563-V2,7.86,116,8.68
F563-V2,8.7,117,16.6
F563-V2,10.18,118,51.9
F563-V2,10.47,118,40.3
F565-V2,1.26,21.7,10
F565-V2,2.51,40.3,10
F565-V2,3.78,57.7,7
F565-V2,5.03,68.5,7
F565-V2,6.29,73.5,7
F565-V2,7.54,78.5,5
F565-V2,8.8,83.1,6
F567-2,1.92,26.9,8
F567-2,3.83,46.8,5
F567-2,5.75,47.6,5
F567-2,7.67,48.1,8
F567-2,9.59,52.2,10
F568-1,0.44,15.7,9.1
F568-1,1.32,44.5,9.1
F568-1,2.2,69.4,9.1
F568-1,3.08,90,11.4
F568-1,3.96,105,9.88
F568-1,4.84,113,16.2
F568-1,5.53,117,24.8
F568-1,7.48,124,9.1
F568-1,8.37,127,9.1
F568-1,9.24,130,9.1
F568-1,10.13,133,9.1
F568-1,13.23,142,23.8
F568-3,0.64,12.4,8.6
F568-3,1.18,21.9,6.2
F568-3,1.8,32.3,1.88
F568-3,2.03,37.9,6.2
F568-3,2.78,53.1,9.5
F568-3,3,62.4,11
F568-3,3.64,68,6.2
F568-3,4.19,78,7.98
F568-3,4.6,82.3,6.2
F568-3,5.14,85.7,6.3
F568-3,5.39,85.5,6.51
F568-3,6.31,89.5,15.6
F568-3,9.1,95.2,15.5
F568-3,10.17,97.5,6.2
F568-3,11.99,101,10.2
F568-3,14.02,107,10.7
F568-3,15.94,117,11.7
F568-3,17.98,120,12
F568-V1,0.39,17.4,30.4
F568-V1,1.18,46.3,37.1
F568-V1,1.95,69.1,13.1
F568-V1,2.74,85.2,6.2
F568-V1,3.53,93.2,6.2
F568-V1,4.3,100,12.4
F568-V1,5.09,108,6.2
F568-V1,5.87,112,6.2
F568-V1,6.4,113,24.9
F568-V1,7.44,113,15.5
F568-V1,8.21,112,13.1
F568-V1,9,111,26.4
F568-V1,9.72,111,19.4
F568-V1,11.79,113,12.5
F568-V1,17.63,118,14.6
F571-8,0.22,12.4,7
F571-8,0.78,37.5,4
F571-8,1.33,56.5,4
F571-8,2.33,69.1,4
F571-8,3.44,85.5,7.5
F571-8,3.78,87.1,8.4
F571-8,4.77,105,4
F571-8,5.44,112,6.7
F571-8,6.11,116,4
F571-8,7.22,124,4
F571-8,9.33,135,4
F571-8,11.1,140,4
F571-8,15.55,144,5
F571-V1,1.95,32,10
F571-V1,3.88,57.6,10
F571-V1,5.83,70.9,7
F571-V1,7.78,77,6
F571-V1,9.72,82.5,6
F571-V1,11.66,84.3,6
F571-V1,13.59,83.9,6
F574-1,0.47,15.3,4.4
F574-1,1.41,41,4.36
F574-1,2.35,60.7,4.4
F574-1,3.29,74.9,4.4
F574-1,4.22,83,6.28
F574-1,5.17,86.8,4.4
F574-1,6.11,89.4,4.4
F574-1,7.05,92.5,4.4
F574-1,7.99,94.7,4.4
F574-1,8.92,96.3,4.4
F574-1,9.87,97.8,4.4
F574-1,10.79,98.8,4.62
F574-1,11.8,99.5,4.4
F574-1,12.6,99.7,5.14
F574-2,2.17,12.6,10
F574-2,4.32,23,10
F574-2,6.49,30,8
F574-2,8.65,36,8
F574-2,10.83,40,8
F579-V1,0.42,35.7,9.1
F579-V1,1.47,83.3,9.3
F579-V1,2.11,94.2,10.4
F579-V1,2.84,97.6,9.1
F579-V1,3.9,101,9.1
F579-V1,4.74,105,16.7
F579-V1,5.69,106,9.1
F579-V1,6.32,108,11.5
F579-V1,7.37,110,23
F579-V1,8.21,112,19.7
F579-V1,9.16,113,9.1
F579-V1,10.85,114,9.1
F579-V1,12.21,114,9.1
F579-V1,15.16,114,11.2
F583-1,0.26,14.6,13
F583-1,0.44,10,7
F583-1,0.77,10.7,7.13
F583-1,0.89,17.4,9.6
F583-1,1.22,23.5,11.2
F583-1,1.55,31,5.2
F583-1,1.8,32.3,2.41
F583-1,2.21,40.9,5.9
F583-1,2.31,43.8,4.26
F583-1,2.54,44.8,4.5
F583-1,3.1,51.7,12.7
F583-1,3.43,55.7,4.5
F583-1,3.86,59.4,9.85
F583-1,4.09,62,4.5
F583-1,4.37,63,3.2
F583-1,4.76,66.6,6.9
F583-1,5.4,71.3,2.95
F583-1,5.86,72.3,15.5
F583-1,6.08,73.4,6
F583-1,6.43,72.4,5.81
F583-1,6.97,77.1,12.1
F583-1,7.96,80.3,13.5
F583-1,10.29,84.7,6
F583-1,15.49,86.9,5.6
F583-1,16.26,85.8,8.6
F583-4,0.22,10.7,4.9
F583-4,0.76,24.7,4.9
F583-4,1.31,38.9,4.9
F583-4,1.94,42.7,7.89
F583-4,3.92,55,4.9
F583-4,4.35,57.2,4.9
F583-4,5,59.8,4.9
F583-4,5.05,62.5,3.43
F583-4,5.83,61.8,3.98
F583-4,6.09,64.4,4.9
F583-4,6.74,67.2,4.9
F583-4,7.29,69.9,4.9
IC2574,0.85,10.3,0.2
IC2574,1.14,12.9,2.7
IC2574,1.42,16.4,1.8
IC2574,1.71,18.6,2.1
IC2574,1.99,19.8,2
IC2574,2.28,26.1,0.6
IC2574,2.55,27.7,2.7
IC2574,2.84,29.7,2.6
IC2574,3.13,33,3.4
IC2574,3.41,34.8,1.2
IC2574,3.7,35,0.9
IC2574,3.98,39,10.2
IC2574,4.26,35.9,5.4
IC2574,4.55,40,4.1
IC2574,4.84,38.7,1.4
IC2574,5.12,41.8,0.5
IC2574,5.41,42.9,0.4
IC2574,5.68,44.4,1.7
IC2574,5.97,46.1,1.3
IC2574,6.26,49,0.9
IC2574,6.54,51.9,0.6
IC2574,6.83,53.1,2.1
IC2574,7.1,54,0.5
IC2574,7.39,55.9,1.1
IC2574,7.68,58.8,3.6
IC2574,7.96,57.3,4.6
IC2574,8.25,54,9
IC2574,8.52,63.8,12
IC2574,8.81,60.5,6.2
IC2574,9.1,61,5.7
IC2574,9.38,66,1.3
IC2574,9.67,65.2,3.4
IC2574,9.96,67.1,4.7
IC2574,10.23,67.5,9.3
IC4202,0.77,35.1,3.96
IC4202,1.59,77.9,3.95
IC4202,2.36,115,6.7
IC4202,3.13,156,3.16
IC4202,3.95,192,3.14
IC4202,4.73,204,2.9
IC4202,5.5,209,3.36
IC4202,6.27,220,3.25
IC4202,7.08,231,3.49
IC4202,7.86,235,4.65
IC4202,8.66,245,6
IC4202,9.45,246,5.57
IC4202,10.24,239,6.95
IC4202,11.02,240,7.16
IC4202,11.79,240,4.85
IC4202,12.47,246,7.68
IC4202,13.34,241,6.21
IC4202,14.11,250,5.62
IC4202,14.59,242,5.1
IC4202,14.98,244,7.41
IC4202,15.75,248,5.08
IC4202,16.52,249,5.22
IC4202,17.1,246,6.35
IC4202,17.88,241,16.2
IC4202,18.65,247,14.6
IC4202,19.62,234,20.9
IC4202,20.78,249,10
IC4202,22.13,236,16.1
IC4202,23,245,22.1
IC4202,23.58,243,4.2
IC4202,25.03,238,7.76
IC4202,25.9,247,6.14
KK98-251,0.25,4.25,2
KK98-251,0.41,6.84,2
KK98-251,0.57,9.56,2
KK98-251,0.74,12.3,2
KK98-251,0.9,15.1,2
KK98-251,1.07,17.5,2
KK98-251,1.24,19.7,2
KK98-251,1.4,21.8,2
KK98-251,1.57,24.4,2
KK98-251,1.72,27.3,2
KK98-251,1.89,30.3,2
KK98-251,2.06,32.6,2
KK98-251,2.46,33.3,2
KK98-251,2.79,34.6,2
KK98-251,3.13,34.2,2
NGC0024,0.21,17.4,6.51
NGC0024,0.32,31,8.86
NGC0024,0.43,36.1,8.16
NGC0024,0.54,46,8.52
NGC0024,0.64,58,6.9
NGC0024,0.74,63.4,9.55
NGC0024,0.85,71.9,8.52
NGC0024,0.96,76.4,6.82
NGC0024,1.07,78.1,6.65
NGC0024,1.17,80.5,6.14
NGC0024,1.28,82.8,5.8
NGC0024,1.38,85.6,6.48
NGC0024,1.48,88,7.5
NGC0024,1.59,92,8.52
NGC0024,1.7,92.4,8.52
NGC0024,1.8,95.1,9.2
NGC0024,1.91,96.5,8.52
NGC0024,2.02,101,8.86
NGC0024,2.13,99.9,9.55
NGC0024,2.23,103,8.18
NGC0024,2.34,104,8.52
NGC0024,2.44,107,9.2
NGC0024,2.54,107,9.55
NGC0024,2.65,106,11.2
NGC0024,2.76,107,11.2
NGC0024,7.07,104,3.11
NGC0024,8.49,106,2.55
NGC0024,9.91,109,4.95
NGC0024,11.27,110,2.83
NGC0055,1.23,28.7,3.4
NGC0055,1.84,37.6,2.6
NGC0055,2.46,43.1,1.2
NGC0055,3.07,50.1,2.8
NGC0055,3.68,58.1,4.5
NGC0055,4.3,64.6,4.1
NGC0055,4.91,68.5,2.7
NGC0055,5.52,72.3,0.8
NGC0055,6.14,74.2,2.4
NGC0055,6.75,78.9,2.6
NGC0055,7.37,82.4,2.3
NGC0055,7.98,84.3,4.8
NGC0055,8.59,85.4,7.3
NGC0055,9.21,85.3,4.6
NGC0055,9.82,86.8,4
NGC0055,10.43,85.4,5.7
NGC0055,11.05,85.4,7
NGC0055,11.66,86.2,4.1
NGC0055,12.28,86.1,6.2
NGC0055,12.89,87.4,2.5
NGC0055,13.5,86.5,5.5
NGC0100,0.23,6.81,8.19
NGC0100,0.69,20,4.09
NGC0100,1.15,33,4
NGC0100,1.59,42.7,4
NGC0100,2.05,49.9,4
NGC0100,2.51,55.5,4
NGC0100,2.97,61.9,4
NGC0100,3.42,67.9,4
NGC0100,3.88,73.1,4
NGC0100,4.34,76.1,3
NGC0100,4.79,77.8,5.34
NGC0100,5.24,79,4
NGC0100,5.7,78.5,5.6
NGC0100,6.16,79.8,7.15
NGC0100,7.16,83.4,5.12
NGC0100,7.52,84.6,4
NGC0100,7.98,86.1,5.53
NGC0100,8.44,87.5,10.2
NGC0100,8.9,89,7.77
NGC0100,9.35,90.4,5.16
NGC0100,9.62,91.2,13.7
NGC0247,1.08,34.6,0.9
NGC0247,1.61,47,0.8
NGC0247,2.15,59.1,3.1
NGC0247,2.7,64.4,1.4
NGC0247,3.22,67.4,2.3
NGC0247,3.77,69.8,0.7
NGC0247,4.31,71.3,1.1
NGC0247,4.85,73.2,1.7
NGC0247,5.38,75.1,3
NGC0247,5.92,78.5,3.8
NGC0247,6.46,81.4,5
NGC0247,6.99,83.5,7
NGC0247,7.53,87.1,7.2
NGC0247,8.07,90.7,4.8
NGC0247,8.62,93.1,1.4
NGC0247,9.14,95.9,2.1
NGC0247,9.69,98.4,5.2
NGC0247,10.23,101,8.2
NGC0247,10.76,103,9.4
NGC0247,11.3,104,9.4
NGC0247,11.84,105,8.9
NGC0247,12.38,105,8.4
NGC0247,12.91,105,9
NGC0247,13.48,106,8.4
NGC0247,14.01,108,7.7
NGC0247,14.54,107,9.2
NGC0289,1.5,164,28.2
NGC0289,2.52,194,32
NGC0289,3.46,175,25.2
NGC0289,4.32,185,31.5
NGC0289,5.43,175,27.9
NGC0289,6.38,167,27.2
NGC0289,7.57,176,7.18
NGC0289,10.6,185,4.29
NGC0289,13.57,183,4.22
NGC0289,16.64,172,4.33
NGC0289,19.71,161,4.24
NGC0289,22.68,156,5.08
NGC0289,25.75,159,6.49
NGC0289,28.72,173,6.97
NGC0289,31.79,177,6.57
NGC0289,34.77,179,4.47
NGC0289,37.84,181,4.26
NGC0289,40.81,182,4.26
NGC0289,43.88,182,4.83
NGC0289,46.85,180,5.5
NGC0289,49.92,177,8.5
NGC0289,52.99,175,11
NGC0289,55.96,172,11.6
NGC0289,59.03,168,12.6
NGC0289,62,158,5.38
NGC0289,65.07,158,6.5
NGC0289,68.05,166,15.5
NGC0289,71.12,165,8.75
NGC0300,0.91,33.1,3.9
NGC0300,1.36,46.7,2.7
NGC0300,1.82,53.9,4.7
NGC0300,2.27,58.8,2.5
NGC0300,2.72,65.6,2.6
NGC0300,3.17,70.8,2.7
NGC0300,3.63,82.1,4.9
NGC0300,4.08,84.1,6.6
NGC0300,4.54,83.4,6.2
NGC0300,4.99,81.5,2.7
NGC0300,5.45,80.8,4
NGC0300,5.9,82.8,12.4
NGC0300,6.36,88.2,11.7
NGC0300,6.81,88.5,8.5
NGC0300,7.26,88.4,8.9
NGC0300,7.71,88.2,10.8
NGC0300,8.17,89.5,3.1
NGC0300,8.62,89.7,9.5
NGC0300,9.07,93.7,7.3
NGC0300,9.53,97,5.7
NGC0300,9.96,96.2,1.5
NGC0300,10.45,94.8,2.1
NGC0300,10.93,92.5,13.9
NGC0300,11.32,92.8,10.6
NGC0300,11.8,93.5,12.1
NGC0801,1.17,123,6.2
NGC0801,1.56,142,6.2
NGC0801,1.96,205,6.2
NGC0801,2.73,228,6.2
NGC0801,3.52,238,6.2
NGC0801,10.59,229,4.2
NGC0801,17.65,225,6.9
NGC0801,24.61,220,4
NGC0801,31.67,222,2.4
NGC0801,38.74,219,4.1
NGC0801,45.8,214,4.7
NGC0801,52.86,216,2.6
NGC0801,59.82,216,8.8
NGC0891,0.92,234,12
NGC0891,2.32,192,12
NGC0891,3.24,212,6.3
NGC0891,4.17,223,4.41
NGC0891,5.1,222,4.01
NGC0891,6.03,224,3.85
NGC0891,6.96,224,3.23
NGC0891,7.89,226,3.4
NGC0891,8.8,226,3.21
NGC0891,9.73,227,2.75
NGC0891,10.64,227,2.65
NGC0891,11.58,224,2.35
NGC0891,12.52,220,2.43
NGC0891,13.46,218,2.3
NGC0891,14.4,217,2.77
NGC0891,15.33,216,4.43
NGC0891,16.27,210,4.47
NGC0891,17.11,208,4.35
NGC1003,1.25,47,7.6
NGC1003,2.08,59.5,4.5
NGC1003,2.9,71.6,3.7
NGC1003,3.73,77.6,3.1
NGC1003,4.56,83.4,3.6
NGC1003,5.39,89.7,3.8
NGC1003,6.22,93.8,2.4
NGC1003,7.04,99,3
NGC1003,7.87,103,2.5
NGC1003,8.7,100,2.3
NGC1003,9.54,98.3,2
NGC1003,10.34,98.4,1.7
NGC1003,11.21,94.5,1.8
NGC1003,11.98,94.9,2.4
NGC1003,12.85,95.3,1.6
NGC1003,13.72,96.9,1.8
NGC1003,14.49,97.2,1.3
NGC1003,15.36,100,1.8
NGC1003,16.13,104,2.7
NGC1003,17,104,3.2
NGC1003,17.78,105,3.4
NGC1003,18.65,109,3.9
NGC1003,19.52,110,3.8
NGC1003,20.29,107,3.8
NGC1003,21.16,106,3.8
NGC1003,21.93,106,4
NGC1003,22.8,108,3.4
NGC1003,23.67,109,3.2
NGC1003,24.44,110,3.3
NGC1003,25.31,110,2.7
NGC1003,26.08,110,2.4
NGC1003,26.95,113,2.5
NGC1003,27.73,114,2.2
NGC1003,28.6,112,1.7
NGC1003,29.47,113,1.8
NGC1003,30.24,115,1.6
NGC1090,0.35,20.9,9.81
NGC1090,1.07,61.7,8.19
NGC1090,1.6,81.3,4.32
NGC1090,3.7,124,3.41
NGC1090,5.09,156,7.02
NGC1090,6.61,166,6.34
NGC1090,8.17,165,12.1
NGC1090,9.11,174,4.84
NGC1090,10.37,164,5.86
NGC1090,11.28,176,7.35
NGC1090,13.62,174,3.28
NGC1090,15.04,168,2.23
NGC1090,16.37,166,2.23
NGC1090,17.59,167,4.59
NGC1090,18.8,167,5.3
NGC1090,20.13,165,3.48
NGC1090,21.35,165,3.12
NGC1090,22.57,165,2.39
NGC1090,23.89,165,2.23
NGC1090,25.11,163,2.23
NGC1090,26.33,162,2.23
NGC1090,27.65,162,2.23
NGC1090,28.87,162,2.23
NGC1090,30.09,160,2.23
NGC1705,0.22,50.2,7.5
NGC1705,0.66,62.2,7.51
NGC1705,1.11,72.4,5.35
NGC1705,1.55,73.2,3.31
NGC1705,2,72.9,3.21
NGC1705,2.45,72.6,2.73
NGC1705,2.89,71.5,3.41
NGC1705,3.34,71.1,4.38
NGC1705,3.78,71.4,4.6
NGC1705,4.22,71.5,5.68
NGC1705,4.66,71.5,6.2
NGC1705,5.11,71.3,6.43
NGC1705,5.56,71.8,9.68
NGC1705,6,71.5,10.5
NGC2366,0.12,4.2,3.15
NGC2366,0.36,9.41,1.83
NGC2366,0.59,15.3,1.37
NGC2366,0.83,18.4,1.64
NGC2366,1.07,23.4,2.08
NGC2366,1.31,28.1,2.46
NGC2366,1.54,33.1,2.01
NGC2366,1.79,37.5,1.62
NGC2366,2.02,40.5,1.68
NGC2366,2.26,42.3,1.69
NGC2366,2.49,45.2,1.91
NGC2366,2.74,47.4,1.95
NGC2366,2.97,48.1,1.74
NGC2366,3.21,48.8,1.08
NGC2366,3.44,50.7,1.55
NGC2366,3.69,52.1,2.78
NGC2366,3.92,53,2.98
NGC2366,4.16,53.7,2.39
NGC2366,4.4,51.2,2.21
NGC2366,4.64,51.6,1.45
NGC2366,4.87,51.5,1.84
NGC2366,5.11,50.4,2.53
NGC2366,5.35,48.5,4.6
NGC2366,5.59,50,5.91
NGC2366,5.82,49,7.42
NGC2366,6.06,49.4,5.92
NGC2403,0.16,24.5,2.83
NGC2403,0.26,35.3,2.46
NGC2403,0.36,43.2,1.12
NGC2403,0.46,52,1.25
NGC2403,0.56,60.9,2.93
NGC2403,0.66,65.8,1.25
NGC2403,0.76,71.7,1.25
NGC2403,0.86,74.6,1.6
NGC2403,0.96,74.6,1.03
NGC2403,1.06,76.6,1.12
NGC2403,1.16,78.5,1.6
NGC2403,1.27,83.4,1.8
NGC2403,1.36,86.4,1.6
NGC2403,1.47,87.4,1.41
NGC2403,1.57,90.3,1.41
NGC2403,1.67,93.3,1.6
NGC2403,1.77,93.3,1.41
NGC2403,1.87,95.2,1.25
NGC2403,1.97,97.2,1.6
NGC2403,2.08,99.1,2.02
NGC2403,2.18,98.2,2.02
NGC2403,2.28,98.2,1.6
NGC2403,2.37,98.2,1
NGC2403,2.47,97.2,1.12
NGC2403,2.57,98.2,1.41
NGC2403,2.68,98.2,1.12
NGC2403,2.78,98.2,1.6
NGC2403,2.88,99.1,2.69
NGC2403,2.98,100,2.69
NGC2403,3.08,102,3.16
NGC2403,3.19,101,3.4
NGC2403,3.29,101,3.4
NGC2403,3.39,103,2.93
NGC2403,3.49,107,2.46
NGC2403,3.59,110,2.46
NGC2403,3.69,112,3.4
NGC2403,3.79,114,5.1
NGC2403,3.9,118,5.1
NGC2403,3.99,118,4.85
NGC2403,4.47,118,5.36
NGC2403,4.97,121,2.57
NGC2403,5.47,124,0.22
NGC2403,5.96,125,0.88
NGC2403,6.46,126,0.45
NGC2403,6.96,126,0.55
NGC2403,7.45,126,0.45
NGC2403,7.95,126,0.24
NGC2403,8.45,127,1.45
NGC2403,8.94,128,1.12
NGC2403,9.44,128,1.68
NGC2403,9.94,127,2.56
NGC2403,10.43,127,1.24
NGC2403,10.93,128,0.21
NGC2403,11.43,130,1.13
NGC2403,11.92,130,2.23
NGC2403,12.42,132,2.68
NGC2403,12.92,133,2.68
NGC2403,13.42,133,3.37
NGC2403,13.91,133,3.81
NGC2403,14.41,133,2.56
NGC2403,14.91,134,0.56
NGC2403,15.4,134,0.79
NGC2403,15.9,133,0.67
NGC2403,16.4,134,2.35
NGC2403,16.89,134,4.13
NGC2403,17.39,136,3.91
NGC2403,17.89,136,6.38
NGC2403,18.38,135,8.39
NGC2403,18.88,133,7.83
NGC2403,19.38,134,6.26
NGC2403,19.87,136,5.6
NGC2403,20.37,135,5.24
NGC2403,20.87,134,3.12
NGC2683,2.89,189,10
NGC2683,5.77,212,5
NGC2683,8.66,206,5
NGC2683,11.54,200,5
NGC2683,14.43,172,12
NGC2683,17.31,190,10
NGC2683,20.2,169,10
NGC2683,23.08,150,10
NGC2683,28.85,160,10
NGC2683,31.74,155,10
NGC2683,34.62,151,12
NGC2841,3.44,285,14.4
NGC2841,3.77,297,13.6
NGC2841,4.13,303,8.47
NGC2841,4.47,306,5.93
NGC2841,4.8,307,5.93
NGC2841,5.13,304,8.47
NGC2841,5.48,308,8.47
NGC2841,5.83,313,12.7
NGC2841,6.16,314,9.32
NGC2841,6.51,315,6.78
NGC2841,6.86,317,8.47
NGC2841,7.18,320,7.63
NGC2841,7.51,316,20.5
NGC2841,7.85,318,23.4
NGC2841,8.21,321,8.48
NGC2841,8.57,323,8.66
NGC2841,8.9,321,12.7
NGC2841,9.24,323,11
NGC2841,9.6,323,10.4
NGC2841,9.93,322,13.6
NGC2841,10.27,321,13.6
NGC2841,10.6,323,9.32
NGC2841,10.93,322,11.9
NGC2841,11.27,321,11
NGC2841,12.31,323,4.24
NGC2841,14.35,319,4.24
NGC2841,16.4,308,4.24
NGC2841,18.48,299,5.66
NGC2841,20.57,299,5.66
NGC2841,22.51,298,5.66
NGC2841,24.59,296,5.66
NGC2841,26.68,293,4.24
NGC2841,28.77,289,4.24
NGC2841,30.7,289,4.24
NGC2841,32.79,288,4.24
NGC2841,34.88,285,4.24
NGC2841,36.96,283,2.83
NGC2841,38.9,275,2.83
NGC2841,40.99,272,2.83
NGC2841,43.08,271,2.83
NGC2841,45.16,274,4.24
NGC2841,47.1,277,4.24
NGC2841,49.19,281,4.24
NGC2841,51.27,286,4.24
NGC2841,53.36,282,4.24
NGC2841,55.3,283,4.24
NGC2841,57.38,288,5.66
NGC2841,59.47,287,5.66
NGC2841,61.56,289,7.07
NGC2841,63.64,294,7.07
NGC2903,0.32,44,8
NGC2903,0.64,64,8
NGC2903,0.96,128,8
NGC2903,1.28,148,8
NGC2903,1.6,157,8
NGC2903,1.92,189,8
NGC2903,2.24,195,6
NGC2903,2.56,201,6
NGC2903,2.88,214,4
NGC2903,3.2,215,4
NGC2903,3.52,215,4
NGC2903,3.84,216,3
NGC2903,4.8,214,2
NGC2903,5.76,210,2
NGC2903,6.72,205,2
NGC2903,7.68,203,1
NGC2903,8.64,201,1
NGC2903,9.6,201,1
NGC2903,10.56,199,1
NGC2903,11.52,197,1
NGC2903,12.48,196,2
NGC2903,13.44,193,3
NGC2903,14.4,190,3
NGC2903,15.36,188,5
NGC2903,16.32,187,5
NGC2903,17.28,188,3
NGC2903,18.24,186,3
NGC2903,19.2,185,3
NGC2903,20.16,185,3
NGC2903,21.12,181,3
NGC2903,22.08,178,3
NGC2903,23.04,177,3
NGC2903,24,182,4
NGC2903,24.96,180,8
NGC2915,0.34,13.5,10.1
NGC2915,0.67,31.3,12.5
NGC2915,1,35.3,13.4
NGC2915,1.34,50.5,9.38
NGC2915,1.68,61,10.1
NGC2915,2.01,66.5,11.9
NGC2915,2.34,74.4,11.6
NGC2915,2.67,83,9.17
NGC2915,3.01,86.4,7.66
NGC2915,3.35,83.6,8.18
NGC2915,3.68,79.8,7.93
NGC2915,4.02,82.8,6.95
NGC2915,4.35,83.5,7.19
NGC2915,4.68,80.4,7.85
NGC2915,5.02,80.3,7.57
NGC2915,5.35,82.1,7.92
NGC2915,5.69,82.4,8.33
NGC2915,6.03,80.9,7.88
NGC2915,6.36,79,6.15
NGC2915,6.69,81.4,6.11
NGC2915,7.02,79.7,5.59
NGC2915,7.36,77.5,6.33
NGC2915,7.7,79.9,6.41
NGC2915,8.03,81.5,7.86
NGC2915,8.37,82.2,7.82
NGC2915,8.7,82,7.09
NGC2915,9.03,84.7,5.74
NGC2915,9.37,86.1,5.54
NGC2915,9.7,85.3,5.23
NGC2915,10.04,86.5,6.45
NGC2955,0.75,169,4.27
NGC2955,1.55,203,4.92
NGC2955,2.3,232,5.49
NGC2955,3.06,256,4.38
NGC2955,3.85,248,3.47
NGC2955,4.61,253,5.68
NGC2955,5.36,269,8.42
NGC2955,6.12,268,4.67
NGC2955,6.91,260,5.58
NGC2955,7.66,245,8.47
NGC2955,8.42,247,6
NGC2955,8.86,267,10.3
NGC2955,9.21,255,7.27
NGC2955,10.82,253,11.2
NGC2955,11.56,271,11.3
NGC2955,12.4,276,8.71
NGC2955,14.17,275,10.1
NGC2955,16.88,275,10
NGC2955,19.49,276,11.7
NGC2955,22.19,267,15.7
NGC2955,24.8,257,15.1
NGC2955,27.51,254,13.6
NGC2955,30.12,248,11.6
NGC2955,35.43,227,11.2
NGC2976,0.11,6.8,3.62
NGC2976,0.17,9.5,4.31
NGC2976,0.24,14,3.11
NGC2976,0.31,19.8,5.5
NGC2976,0.38,26.1,3.9
NGC2976,0.45,28.7,3.5
NGC2976,0.52,28.7,2.7
NGC2976,0.59,31.7,2.5
NGC2976,0.66,35.5,2.3
NGC2976,0.73,39.4,2.1
NGC2976,0.8,42.9,2.3
NGC2976,0.87,46,2.6
NGC2976,0.94,49.1,3.1
NGC2976,1.01,49.2,3.2
NGC2976,1.08,51.4,3.2
NGC2976,1.14,57.2,3.1
NGC2976,1.21,63.8,2.9
NGC2976,1.29,67.8,2.8
NGC2976,1.35,69.8,3.3
NGC2976,1.42,71.7,3.9
NGC2976,1.49,74.1,4.4
NGC2976,1.56,76.7,4.8
NGC2976,1.63,79.9,4.4
NGC2976,1.74,83.6,3.35
NGC2976,1.93,83.9,3.95
NGC2976,2.1,88.7,4.44
NGC2976,2.27,85.3,5.36
NGC2998,0.33,90,20
NGC2998,0.99,125,15
NGC2998,1.98,148,15
NGC2998,2.64,180,17
NGC2998,3.63,201,15
NGC2998,7.59,206,10
NGC2998,12.5,214,5
NGC2998,17.48,212,5
NGC2998,22.46,213,2
NGC2998,27.44,214,2
NGC2998,32.32,213,2
NGC2998,37.3,213,3
NGC2998,42.28,203,3
NGC3109,0.26,6.1,1.6
NGC3109,0.52,11.2,0.7
NGC3109,0.77,14.9,1.5
NGC3109,1.03,19.1,2.2
NGC3109,1.29,24.3,0.9
NGC3109,1.55,29.8,1.9
NGC3109,1.81,34.3,1.6
NGC3109,2.06,38.2,3.5
NGC3109,2.32,42.5,5.6
NGC3109,2.58,42.3,3
NGC3109,2.84,47.3,4.4
NGC3109,3.1,49.3,4
NGC3109,3.35,50.6,3.5
NGC3109,3.61,53,3.5
NGC3109,3.87,54.7,3.3
NGC3109,4.13,55.2,3.1
NGC3109,4.38,57.5,2.6
NGC3109,4.64,59.1,2.4
NGC3109,4.9,61.2,1.9
NGC3109,5.16,62.7,1.9
NGC3109,5.42,64.4,2.9
NGC3109,5.67,66.6,3.2
NGC3109,5.93,66.3,3.4
NGC3109,6.19,66.2,3.2
NGC3109,6.45,67.3,3
NGC3198,0.32,24.4,35.9
NGC3198,0.64,43.3,16.3
NGC3198,0.96,45.5,16.1
NGC3198,1.28,58.5,15.4
NGC3198,1.61,68.8,7.61
NGC3198,1.93,76.9,10.3
NGC3198,2.24,82,8.09
NGC3198,2.57,86.9,7.6
NGC3198,2.89,97.6,3.03
NGC3198,3.21,100,5.31
NGC3198,3.54,107,7.51
NGC3198,3.85,113,7.32
NGC3198,4.17,117,5.21
NGC3198,4.5,119,5.67
NGC3198,4.82,127,5.39
NGC3198,5.15,132,4.34
NGC3198,5.46,134,2.36
NGC3198,5.78,137,0.89
NGC3198,6.1,140,2.84
NGC3198,6.43,142,0.88
NGC3198,6.74,144,1.23
NGC3198,7.06,146,1.57
NGC3198,8.04,147,3
NGC3198,9.04,148,3
NGC3198,10.04,152,2
NGC3198,11.04,155,2
NGC3198,12.05,156,2
NGC3198,14.05,157,2
NGC3198,16.07,153,2
NGC3198,18.13,153,2
NGC3198,20.05,154,2
NGC3198,22.12,153,2
NGC3198,24.03,150,2
NGC3198,26.1,149,2
NGC3198,28.16,148,2
NGC3198,30.08,146,2
NGC3198,32.14,147,2
NGC3198,34.06,148,2
NGC3198,36.12,148,2
NGC3198,38.19,149,2
NGC3198,40.1,150,2
NGC3198,42.17,150,3
NGC3198,44.08,149,3
NGC3521,0.51,143,33.1
NGC3521,0.69,160,15
NGC3521,0.86,178,7.92
NGC3521,1.03,188,8.01
NGC3521,1.2,187,8.03
NGC3521,1.38,195,5.6
NGC3521,1.55,199,7.52
NGC3521,1.71,203,6.87
NGC3521,1.89,206,9.22
NGC3521,2.06,211,12
NGC3521,2.23,219,13.3
NGC3521,2.41,216,9.9
NGC3521,2.58,214,10.5
NGC3521,2.75,213,8.39
NGC3521,2.92,210,13.3
NGC3521,3.09,214,6.67
NGC3521,3.26,213,9.98
NGC3521,3.43,212,11.2
NGC3521,3.61,215,9.11
NGC3521,3.78,217,10.1
NGC3521,3.95,219,8.05
NGC3521,4.12,220,8.29
NGC3521,4.29,218,8.42
NGC3521,4.46,220,9.71
NGC3521,4.64,220,20.1
NGC3521,4.81,216,23.5
NGC3521,4.98,220,14.6
NGC3521,5.15,218,12.2
NGC3521,5.32,213,23.1
NGC3521,5.49,215,21.2
NGC3521,5.67,216,18.3
NGC3521,5.84,208,31.7
NGC3521,6.01,212,25.3
NGC3521,6.19,213,23.8
NGC3521,6.35,216,19.6
NGC3521,6.64,210,25
NGC3521,8.82,210,10.7
NGC3521,11.07,210,10.7
NGC3521,13.32,206,6.25
NGC3521,15.49,206,6.25
NGC3521,17.74,206,10.7
NGC3726,3.5,102,7
NGC3726,5.24,125,6.1
NGC3726,6.98,145,4.9
NGC3726,8.72,164,3.9
NGC3726,10.47,162,4.8
NGC3726,12.19,160,4.8
NGC3726,13.94,156,4.8
NGC3726,16.03,146,4.85
NGC3726,22.3,158,4.9
NGC3726,27.52,168,10.6
NGC3726,30.08,169,10.6
NGC3726,32.52,167,15.2
NGC3741,0.23,13.1,2.19
NGC3741,0.47,17.3,2.39
NGC3741,0.7,23.6,2.21
NGC3741,0.93,26.2,2.21
NGC3741,1.17,27.4,2.24
NGC3741,1.4,26.9,2.23
NGC3741,1.64,27.4,2.21
NGC3741,1.87,31,2.2
NGC3741,2.1,32.5,2.19
NGC3741,2.33,33,2.19
NGC3741,2.57,36.5,2.2
NGC3741,2.8,38.9,2.21
NGC3741,3.26,41.5,2.21
NGC3741,3.73,42.7,2.2
NGC3741,4.21,44.7,2.22
NGC3741,4.67,46.7,2.24
NGC3741,5.14,48.5,2.27
NGC3741,5.61,50,2.32
NGC3741,6.07,50.2,2.4
NGC3741,6.54,50.1,2.57
NGC3741,7,51.6,3.24
NGC3769,1.74,87.5,9.4
NGC3769,3.5,106,7.1
NGC3769,5.24,116,5.3
NGC3769,6.98,125,5.7
NGC3769,8.72,126,4.4
NGC3769,10.47,123,4.4
NGC3769,12.31,118,4.6
NGC3769,14.52,115,6.4
NGC3769,17.07,122,15.2
NGC3769,31.82,121,10.2
NGC3769,34.61,118,10.4
NGC3769,37.16,113,10.5
NGC3877,0.87,37.8,9
NGC3877,1.74,80.1,9
NGC3877,2.61,121,8.5
NGC3877,3.5,142,7.3
NGC3877,4.37,153,6.2
NGC3877,5.24,160,5.3
NGC3877,6.11,162,5.3
NGC3877,6.98,167,4.5
NGC3877,7.85,169,5.3
NGC3877,8.72,171,4.9
NGC3877,9.6,171,4.9
NGC3877,10.47,170,5.7
NGC3877,11.35,169,7
NGC3893,1.74,145,6.8
NGC3893,3.5,174,6.8
NGC3893,5.24,194,6.4
NGC3893,6.98,190,5.5
NGC3893,8.81,186,5.8
NGC3893,10.9,188,7
NGC3893,13.12,187,8.5
NGC3893,15.33,179,12.6
NGC3893,17.3,176,11.7
NGC3893,19.05,167,13.5
NGC3917,0.87,24.3,3.9
NGC3917,1.74,49.6,3.9
NGC3917,2.61,73.6,5.2
NGC3917,3.5,101,4.4
NGC3917,4.37,107,3.5
NGC3917,5.24,115,3.5
NGC3917,6.11,123,3.9
NGC3917,6.98,130,3.9
NGC3917,7.85,134,3.5
NGC3917,8.72,136,3.9
NGC3917,9.6,137,4
NGC3917,10.47,136,3.5
NGC3917,11.35,137,3.5
NGC3917,12.19,137,3.5
NGC3917,13.12,137,5
NGC3917,13.94,138,5
NGC3917,14.86,137,7.5
NGC3949,1.74,123,5.5
NGC3949,2.61,145,5.5
NGC3949,3.5,152,6.2
NGC3949,4.37,157,6.6
NGC3949,5.24,161,8.8
NGC3949,6.11,165,11.2
NGC3949,7.07,169,25.5
NGC3953,3.5,181,7.5
NGC3953,5.24,203,6.5
NGC3953,6.98,216,5.6
NGC3953,8.72,223,6.1
NGC3953,10.47,224,5.6
NGC3953,12.19,223,6.1
NGC3953,13.94,224,6.1
NGC3953,15.68,215,9.7
NGC3972,0.87,39.6,4.9
NGC3972,1.74,73,5.2
NGC3972,2.61,89.4,6.6
NGC3972,3.5,102,5.3
NGC3972,4.37,110,4.4
NGC3972,5.24,116,4.4
NGC3972,6.11,123,4.4
NGC3972,6.98,130,3.9
NGC3972,7.85,134,6.1
NGC3972,8.72,134,4.9
NGC3992,9.19,248,7
NGC3992,13.79,264,6.6
NGC3992,18.35,272,5.7
NGC3992,22.94,271,5.7
NGC3992,27.52,264,5.3
NGC3992,32.11,242,7.4
NGC3992,36.7,244,5.3
NGC3992,41.44,241,6.2
NGC3992,46.02,237,8.6
NGC4010,0.87,39.3,6.6
NGC4010,1.74,54.6,5.6
NGC4010,2.61,65.5,6.7
NGC4010,3.5,83.9,5.2
NGC4010,4.37,94.3,6.3
NGC4010,5.24,104,5.7
NGC4010,6.11,115,5.1
NGC4010,6.98,127,5.1
NGC4010,7.85,129,5.1
NGC4010,8.72,127,5.1
NGC4010,9.6,124,5.1
NGC4010,10.47,122,3.9
NGC4013,5.49,198,10
NGC4013,6.17,195,5
NGC4013,6.92,194,4
NGC4013,7.69,195,3
NGC4013,8.36,195,3
NGC4013,9.12,195,3
NGC4013,9.88,192,7
NGC4013,10.56,188,8
NGC4013,11.31,186,7
NGC4013,12.08,186,6
NGC4013,12.77,186,5
NGC4013,13.47,185,6
NGC4013,14.17,180,10
NGC4013,14.98,163,8
NGC4013,15.68,162,6
NGC4013,16.37,164,5
NGC4013,17.19,166,5
NGC4013,17.88,166,5
NGC4013,18.58,166,5
NGC4013,19.39,166,5
NGC4013,20.09,168,5
NGC4013,20.79,172,5
NGC4013,21.48,173,5
NGC4013,22.3,171,5
NGC4013,22.99,170,5
NGC4013,23.69,172,5
NGC4013,24.39,173,5
NGC4013,25.2,176,5
NGC4013,25.9,178,5
NGC4013,26.59,180,6
NGC4013,27.41,180,8
NGC4013,28.1,180,5
NGC4013,28.8,180,5
NGC4013,29.61,178,5
NGC4013,30.31,174,5
NGC4013,31.01,170,10
NGC4051,1.74,121,14.8
NGC4051,3.5,116,7.8
NGC4051,5.24,140,7
NGC4051,6.98,160,6.6
NGC4051,8.72,161,5.2
NGC4051,10.47,154,7.4
NGC4051,12.19,153,9.8
NGC4068,0.21,4.68,3.65
NGC4068,0.64,13.1,3.44
NGC4068,1.06,22.5,2.45
NGC4068,1.48,30.4,1.71
NGC4068,1.91,36,1.7
NGC4068,2.33,41.9,4.97
NGC4085,0.87,42.2,7.3
NGC4085,1.74,79.9,5.9
NGC4085,2.71,112,6.2
NGC4085,3.58,127,4.9
NGC4085,4.45,130,4.9
NGC4085,5.32,133,4.5
NGC4085,6.2,136,7.4
NGC4088,1.74,84.9,11.3
NGC4088,3.5,136,9.9
NGC4088,5.24,162,8
NGC4088,6.98,179,6.5
NGC4088,8.72,182,6.1
NGC4088,10.47,179,7
NGC4088,12.19,174,6.2
NGC4088,13.94,171,7.2
NGC4088,15.68,168,6.1
NGC4088,17.42,165,5.6
NGC4088,19.28,171,8.6
NGC4088,21.48,174,7.6
NGC4100,2.61,120,10.5
NGC4100,3.5,148,7.5
NGC4100,4.37,168,6.2
NGC4100,5.24,182,6.1
NGC4100,6.11,190,5.2
NGC4100,6.98,194,5.7
NGC4100,7.85,195,6.1
NGC4100,8.72,193,4.8
NGC4100,9.6,192,3.9
NGC4100,10.47,192,3.5
NGC4100,11.35,191,4.4
NGC4100,12.19,189,4.8
NGC4100,13.12,185,5.3
NGC4100,13.94,182,4.5
NGC4100,14.86,179,6.6
NGC4100,15.68,176,6.2
NGC4100,16.61,174,6.6
NGC4100,17.42,178,8.7
NGC4100,18.35,177,6.2
NGC4100,19.16,169,5.9
NGC4100,20.09,158,6.3
NGC4100,21.02,158,7.6
NGC4100,21.95,158,8.9
NGC4100,22.76,159,9
NGC4138,2.61,179,14.7
NGC4138,5.24,195,6.8
NGC4138,7.85,181,9.8
NGC4138,10.65,162,20.4
NGC4138,13.47,145,9.6
NGC4138,16.03,147,17.9
NGC4138,18.58,150,21
NGC4157,1.74,96.4,12.1
NGC4157,3.5,157,10.5
NGC4157,5.24,192,8.4
NGC4157,6.98,201,6.9
NGC4157,8.72,201,7.3
NGC4157,10.47,194,6.4
NGC4157,12.19,190,6
NGC4157,13.94,186,6.4
NGC4157,15.68,184,6.4
NGC4157,17.42,182,7.3
NGC4157,19.16,181,6.6
NGC4157,20.9,183,6.5
NGC4157,22.65,185,6.5
NGC4157,24.39,186,9.1
NGC4157,26.13,186,11.4
NGC4157,27.87,184,13.6
NGC4157,29.61,185,13.6
NGC4183,0.87,47.1,8.2
NGC4183,1.74,65.9,6.6
NGC4183,2.61,76.1,5.6
NGC4183,3.5,85.7,5.6
NGC4183,4.37,96.6,5.2
NGC4183,5.24,99.3,5.2
NGC4183,6.11,103,5.2
NGC4183,6.98,107,5.2
NGC4183,7.85,111,5.2
NGC4183,8.72,114,6.1
NGC4183,9.6,115,6.1
NGC4183,10.47,111,5.6
NGC4183,11.35,110,5.6
NGC4183,12.31,111,5.2
NGC4183,13.12,109,4.8
NGC4183,14.05,108,4.4
NGC4183,14.98,109,5.2
NGC4183,16.03,111,5.3
NGC4183,16.95,110,4.9
NGC4183,17.88,109,4.9
NGC4183,18.93,110,5.3
NGC4183,19.97,112,10.2
NGC4183,21.02,113,11.5
NGC4214,0.21,55.5,7.21
NGC4214,0.63,63.2,5.22
NGC4214,1.04,66.6,7.97
NGC4214,1.46,70.5,4.62
NGC4214,1.88,76.1,4.69
NGC4214,2.3,78.8,4.52
NGC4214,2.71,80.1,6.65
NGC4214,3.14,80.1,6.28
NGC4214,3.55,80.1,5.09
NGC4214,3.96,80.4,5.4
NGC4214,4.38,80.1,7.58
NGC4214,4.8,80.4,8.9
NGC4214,5.22,80.6,9.37
NGC4214,5.63,80.6,9.37
NGC4217,0.87,47.8,8.2
NGC4217,1.74,98.9,8.2
NGC4217,2.61,146,7.7
NGC4217,3.5,164,6.4
NGC4217,4.37,174,5.95
NGC4217,5.24,175,6
NGC4217,6.11,184,6.4
NGC4217,6.98,185,6.4
NGC4217,7.85,188,6.65
NGC4217,8.72,190,7.35
NGC4217,9.6,191,6.4
NGC4217,10.47,191,5.55
NGC4217,11.35,189,5.95
NGC4217,12.19,186,6.85
NGC4217,13.12,183,6.4
NGC4217,13.94,179,6.85
NGC4217,14.86,177,7.25
NGC4217,15.79,177,8.55
NGC4217,16.72,178,12
NGC4389,0.87,27.3,5.8
NGC4389,1.74,52.7,6.7
NGC4389,2.71,69.2,6.7
NGC4389,3.58,83.5,6.4
NGC4389,4.45,95.9,6.3
NGC4389,5.32,110,7.6
NGC4559,0.67,43.8,10.9
NGC4559,1.32,64.2,7.71
NGC4559,1.97,73.3,8.62
NGC4559,2.62,84.2,8.4
NGC4559,3.28,96.2,5.67
NGC4559,3.93,102,4.79
NGC4559,4.58,104,5.67
NGC4559,5.22,106,5.37
NGC4559,5.9,106,5.24
NGC4559,6.54,108,5.22
NGC4559,7.19,111,4.68
NGC4559,7.87,114,4.61
NGC4559,8.51,116,4.47
NGC4559,9.16,117,5.22
NGC4559,9.84,118,5.22
NGC4559,10.48,120,4.5
NGC4559,11.13,121,3.62
NGC4559,11.78,122,3.17
NGC4559,12.43,122,2.74
NGC4559,13.08,122,3.18
NGC4559,13.73,123,3.56
NGC4559,14.38,124,4.31
NGC4559,15.03,124,4.76
NGC4559,15.68,123,5.23
NGC4559,16.33,123,5.66
NGC4559,16.98,123,5.62
NGC4559,17.72,121,5.67
NGC4559,18.28,122,6.32
NGC4559,19.02,122,6.35
NGC4559,19.67,121,5.86
NGC4559,20.32,120,5.94
NGC4559,20.97,119,6.13
NGC5005,0.49,211,40.1
NGC5005,0.98,233,17.4
NGC5005,1.47,227,14.4
NGC5005,1.97,234,10.8
NGC5005,2.46,245,7.67
NGC5005,2.95,244,23.3
NGC5005,3.44,261,23.3
NGC5005,3.93,259,22.7
NGC5005,4.42,258,22.7
NGC5005,4.92,258,22.5
NGC5005,5.74,261,22.4
NGC5005,6.56,263,22.4
NGC5005,7.37,264,22.3
NGC5005,8.19,265,22.2
NGC5005,9.01,265,22.2
NGC5005,9.83,264,22
NGC5005,10.65,264,21.9
NGC5005,11.47,265,22
NGC5033,0.76,206,16
NGC5033,2.28,214,10
NGC5033,3.8,222,8
NGC5033,5.33,224,8
NGC5033,6.85,225,8
NGC5033,8,222,6
NGC5033,10.28,220,3
NGC5033,12.56,218,2
NGC5033,14.91,219,2
NGC5033,17.15,217,2
NGC5033,19.39,218,2
NGC5033,21.64,220,2
NGC5033,24.01,222,2
NGC5033,26.25,218,3
NGC5033,28.5,217,3
NGC5033,30.87,207,3
NGC5033,33.12,199,3
NGC5033,35.36,191,3
NGC5033,37.73,193,3
NGC5033,39.98,192,3
NGC5033,42.22,194,4
NGC5033,44.59,196,5
NGC5055,0.72,125,17.6
NGC5055,1.43,162,8.5
NGC5055,2.16,178,5.22
NGC5055,2.87,193,1.88
NGC5055,3.59,192,3.59
NGC5055,4.3,190,0.97
NGC5055,5.03,195,0.99
NGC5055,5.75,201,0.45
NGC5055,6.46,204,0.81
NGC5055,7.18,204,0.65
NGC5055,7.91,206,0.66
NGC5055,8.62,206,1.54
NGC5055,11.49,206,1.9
NGC5055,14.3,206,0.42
NGC5055,17.19,203,4.19
NGC5055,20.07,200,1.23
NGC5055,22.96,194,4.09
NGC5055,25.85,188,5.2
NGC5055,28.74,184,1.16
NGC5055,31.62,182,2.47
NGC5055,34.51,180,3.85
NGC5055,37.4,181,8.43
NGC5055,40.29,180,4.55
NGC5055,43.17,179,0.44
NGC5055,45.92,179,1.96
NGC5055,48.81,179,2.99
NGC5055,51.7,174,3.39
NGC5055,54.59,172,4.84
NGC5371,1.45,216,10
NGC5371,2.88,215,7
NGC5371,4.33,215,5
NGC5371,5.78,214,4
NGC5371,7.22,215,4
NGC5371,8.66,221,3
NGC5371,11.55,233,3
NGC5371,14.48,237,3
NGC5371,17.28,242,3
NGC5371,20.2,241,3
NGC5371,23.12,240,3
NGC5371,26.04,234,3
NGC5371,28.84,226,3
NGC5371,31.76,213,3
NGC5371,34.68,207,3
NGC5371,37.48,208,4
NGC5371,40.4,209,4
NGC5371,43.32,207,4
NGC5371,46.24,213,6
NGC5585,0.09,11.2,2.02
NGC5585,0.26,26.5,1.03
NGC5585,0.43,33.7,1.03
NGC5585,0.6,32.7,1.12
NGC5585,0.77,33.7,1.03
NGC5585,0.94,35.7,2.24
NGC5585,1.11,37.8,3.35
NGC5585,1.28,41.8,3.35
NGC5585,1.46,43.9,2.14
NGC5585,1.63,44.9,1.25
NGC5585,2.05,53.2,1.6
NGC5585,2.74,64.3,0.9
NGC5585,3.42,73.1,2.4
NGC5585,4.11,76.2,4.4
NGC5585,4.79,78.4,3.8
NGC5585,5.48,83.1,3.1
NGC5585,6.16,88,3
NGC5585,6.85,89.9,2.4
NGC5585,7.53,90.6,2.8
NGC5585,8.21,91.6,2.6
NGC5585,8.9,92.3,1.4
NGC5585,9.57,90.9,1
NGC5585,10.31,89.6,2.7
NGC5585,10.96,89.4,2.7
NGC5907,5.03,214,6
NGC5907,7.55,220,6
NGC5907,10.07,235,4
NGC5907,12.58,235,4
NGC5907,15.1,230,2
NGC5907,17.61,231,2
NGC5907,20.13,232,2
NGC5907,22.65,225,7
NGC5907,25.16,224,7
NGC5907,27.68,229,2
NGC5907,30.2,218,2
NGC5907,32.71,214,2
NGC5907,35.23,213,2
NGC5907,37.75,211,2
NGC5907,40.26,217,2
NGC5907,42.78,216,3
NGC5907,45.29,215,3
NGC5907,47.81,217,5
NGC5907,50.33,214,5
NGC5985,3.54,223,8
NGC5985,4.23,230,6.13
NGC5985,4.97,248,5.1
NGC5985,5.74,258,6.6
NGC5985,6.47,263,7
NGC5985,7.22,272,6.25
NGC5985,8.02,287,4.01
NGC5985,8.79,289,7.25
NGC5985,9.5,292,6.93
NGC5985,10.27,302,10.4
NGC5985,11.08,302,10.3
NGC5985,11.82,304,10.4
NGC5985,12.56,303,10.4
NGC5985,13.39,305,10.1
NGC5985,14.1,300,8.78
NGC5985,14.93,295,9.72
NGC5985,15.64,294,5.32
NGC5985,16.35,290,5.32
NGC5985,17.18,291,4.03
NGC5985,17.89,286,3.25
NGC5985,18.72,287,3.61
NGC5985,19.44,294,3.35
NGC5985,20.26,290,3.75
NGC5985,20.98,288,3.04
NGC5985,21.69,290,6.4
NGC5985,22.52,294,4.19
NGC5985,23.23,297,4.12
NGC5985,24.06,293,5.15
NGC5985,24.77,291,6.21
NGC5985,25.95,297,4
NGC5985,28.92,292,4
NGC5985,31.76,288,4
NGC5985,34.72,285,4
NGC6015,0.34,35.5,2.1
NGC6015,0.67,62.4,4.2
NGC6015,1,90.7,3.8
NGC6015,1.32,104,2
NGC6015,1.65,105,2.4
NGC6015,1.98,108,2
NGC6015,2.31,116,2.3
NGC6015,2.63,130,3.3
NGC6015,2.96,141,2.2
NGC6015,3.28,146,1.6
NGC6015,3.61,150,1.4
NGC6015,3.94,152,1.1
NGC6015,4.27,155,1.3
NGC6015,4.6,152,1.8
NGC6015,4.94,150,2.4
NGC6015,5.3,147,5.5
NGC6015,5.63,145,3.8
NGC6015,5.96,152,4.1
NGC6015,6.27,149,1.4
NGC6015,8.24,149,4
NGC6015,10.3,146,4
NGC6015,11.13,149,3.2
NGC6015,11.95,152,2.8
NGC6015,12.72,153,2.4
NGC6015,13.58,156,2.2
NGC6015,14.43,158,2.8
NGC6015,15.29,158,3.1
NGC6015,16.02,159,3.8
NGC6015,16.88,161,3.6
NGC6015,17.73,163,4
NGC6015,18.59,162,4.8
NGC6015,19.32,164,5.7
NGC6015,20.18,165,7
NGC6015,21.04,166,6.3
NGC6015,21.89,163,7
NGC6015,22.63,159,8.5
NGC6015,23.48,155,9.1
NGC6015,24.34,154,8
NGC6015,25.19,149,5.4
NGC6015,25.93,153,3.1
NGC6015,26.78,156,3
NGC6015,27.64,151,9.4
NGC6015,28.37,158,7.7
NGC6015,29.23,152,3.4
NGC6195,1.33,175,13.6
NGC6195,2.34,237,3.65
NGC6195,3.33,247,3.81
NGC6195,4.34,242,3.56
NGC6195,5.35,240,4.2
NGC6195,6.34,233,4.59
NGC6195,7.34,233,4.63
NGC6195,8.32,247,6.41
NGC6195,9.34,248,7.64
NGC6195,10.38,242,9.05
NGC6195,11.36,252,12.5
NGC6195,12.34,245,8.72
NGC6195,13.32,247,4.44
NGC6195,14.3,238,9.29
NGC6195,15.47,249,9.98
NGC6195,16.35,250,6.15
NGC6195,17.92,253,6.96
NGC6195,19.1,258,15.4
NGC6195,22.52,254,6.51
NGC6195,26.05,256,7.73
NGC6195,29.48,255,8.5
NGC6195,33,244,5.75
NGC6195,36.43,246,4.24
NGC6503,0.76,77,10
NGC6503,1.52,100,5
NGC6503,2.28,110,2
NGC6503,3.04,118,2
NGC6503,3.79,121,2
NGC6503,4.55,121,2
NGC6503,5.31,117,2
NGC6503,6.07,116,2
NGC6503,6.83,116,2
NGC6503,7.59,116,2
NGC6503,8.35,115,1
NGC6503,9.11,115,1
NGC6503,9.86,116,1
NGC6503,10.64,117,1
NGC6503,11.38,117,1
NGC6503,12.12,118,1
NGC6503,12.86,117,1
NGC6503,13.7,116,1
NGC6503,14.44,115,1
NGC6503,15.18,117,1
NGC6503,15.91,116,1
NGC6503,16.65,115,2
NGC6503,17.49,115,2
NGC6503,18.23,115,2
NGC6503,18.97,114,2
NGC6503,19.71,115,2
NGC6503,20.45,114,2
NGC6503,21.29,116,2
NGC6503,22.03,115,3
NGC6503,22.76,118,4
NGC6503,23.5,115,10
NGC6674,2.5,206,75
NGC6674,7.49,285,8
NGC6674,12.54,291,7
NGC6674,17.45,274,5
NGC6674,22.47,266,4
NGC6674,27.48,255,2
NGC6674,32.5,250,2
NGC6674,37.51,242,2
NGC6674,42.42,237,2
NGC6674,47.44,235,2
NGC6674,52.45,236,2
NGC6674,57.47,242,2
NGC6674,62.48,246,2
NGC6674,67.4,242,4
NGC6674,72.41,242,5
NGC6789,0.1,13.9,3.84
NGC6789,0.3,29.9,3.92
NGC6789,0.51,46.7,4.1
NGC6789,0.71,60.4,9.4
NGC6946,0.19,153,8
NGC6946,0.56,130,9
NGC6946,0.94,128,3
NGC6946,1.22,134,3
NGC6946,1.59,129,4
NGC6946,1.96,131,7
NGC6946,2.34,138,8
NGC6946,2.71,139,5
NGC6946,2.99,143,3
NGC6946,3.37,146,2
NGC6946,3.74,154,2
NGC6946,4.12,161,1
NGC6946,4.4,167,2
NGC6946,4.77,173,2
NGC6946,5.15,176,4
NGC6946,5.52,178,5
NGC6946,5.89,180,3
NGC6946,6.17,179,4
NGC6946,6.55,180,5
NGC6946,6.92,181,4
NGC6946,7.3,179,4
NGC6946,7.58,179,2
NGC6946,7.95,179,1
NGC6946,8.33,178,1
NGC6946,8.7,177,2
NGC6946,9.08,176,2
NGC6946,9.36,173,3
NGC6946,9.73,172,2
NGC6946,10.1,172,2
NGC6946,10.48,170,2
NGC6946,10.76,171,2
NGC6946,11.13,174,2
NGC6946,11.51,174,2
NGC6946,11.88,175,2
NGC6946,12.26,174,2
NGC6946,12.54,173,6
NGC6946,12.91,173,6
NGC6946,13.29,173,8
NGC6946,13.66,175,9
NGC6946,14.03,174,9
NGC6946,14.31,171,9
NGC6946,14.69,167,8
NGC6946,15.06,165,7
NGC6946,15.44,163,8
NGC6946,15.72,162,8
NGC6946,16.09,161,9
NGC6946,16.47,159,10
NGC6946,16.84,158,10
NGC6946,17.21,157,10
NGC6946,17.5,157,10
NGC6946,17.87,157,9
NGC6946,18.24,160,11
NGC6946,18.62,159,12
NGC6946,18.9,160,14
NGC6946,19.27,158,16
NGC6946,19.65,155,18
NGC6946,20.02,157,19
NGC6946,20.4,154,21
NGC7331,2.67,221,20
NGC7331,3.21,237,13
NGC7331,3.74,249,8
NGC7331,4.27,250,5
NGC7331,4.81,253,5
NGC7331,5.35,257,5
NGC7331,5.88,257,5
NGC7331,6.41,257,5
NGC7331,7.48,257,5
NGC7331,8.55,255,5
NGC7331,9.62,248,6
NGC7331,10.66,247,6
NGC7331,11.74,246,6
NGC7331,12.83,244,6
NGC7331,13.91,242,4
NGC7331,15,238,3
NGC7331,16.08,236,3
NGC7331,17.07,233,3
NGC7331,18.15,234,3
NGC7331,19.24,236,3
NGC7331,20.32,237,3
NGC7331,21.41,238,3
NGC7331,22.49,240,3
NGC7331,23.48,238,3
NGC7331,24.57,237,3
NGC7331,25.65,236,3
NGC7331,26.74,238,3
NGC7331,27.82,239,3
NGC7331,28.91,239,3
NGC7331,29.89,241,4
NGC7331,30.98,236,4
NGC7331,32.06,236,5
NGC7331,33.15,239,5
NGC7331,34.23,237,5
NGC7331,35.32,241,7
NGC7331,36.31,238,9
NGC7793,0.11,9.1,8.5
NGC7793,0.14,17.6,7.4
NGC7793,0.17,19.3,7.4
NGC7793,0.21,24.8,6.4
NGC7793,0.24,30,7.2
NGC7793,0.28,35,7.3
NGC7793,0.32,38.3,7.6
NGC7793,0.35,42.7,8.8
NGC7793,0.39,47,5.3
NGC7793,0.42,49.8,5.6
NGC7793,0.46,52.2,6.2
NGC7793,0.49,53.4,6.3
NGC7793,0.53,54.6,5.9
NGC7793,0.56,55.5,6.9
NGC7793,0.6,55.9,7.5
NGC7793,0.63,58.3,7.4
NGC7793,0.66,59.3,6.3
NGC7793,0.7,59.5,6.7
NGC7793,0.87,59.1,5.1
NGC7793,1.05,62.6,5.5
NGC7793,1.22,65.6,4.8
NGC7793,1.4,70.7,4.6
NGC7793,1.57,73.9,4
NGC7793,1.75,78.5,4.2
NGC7793,1.92,82.4,4.6
NGC7793,2.1,87.1,4.9
NGC7793,2.27,89.6,5.4
NGC7793,2.45,94.9,5.7
NGC7793,2.62,98.1,5
NGC7793,2.79,99.3,5.7
NGC7793,2.97,98.6,7.2
NGC7793,3.16,101,8.7
NGC7793,3.33,103,9.4
NGC7793,3.51,107,9.1
NGC7793,3.68,114,7.4
NGC7793,3.85,112,8.1
NGC7793,4.03,114,7.6
NGC7793,4.2,116,7.2
NGC7793,4.38,114,7.8
NGC7793,4.73,114,11.4
NGC7793,5.25,109,9.9
NGC7793,5.78,107,12.6
NGC7793,6.3,105,12.5
NGC7793,6.82,101,5.2
NGC7793,7.35,94.5,4.6
NGC7793,7.87,90.8,6.1
NGC7814,0.63,265,15
NGC7814,1.72,250,15
NGC7814,2.79,233,7.29
NGC7814,3.91,230,6.45
NGC7814,5.03,228,5.37
NGC7814,6.14,228,5.16
NGC7814,7.26,227,5.94
NGC7814,8.37,226,3
NGC7814,9.5,223,3.92
NGC7814,10.65,219,2.9
NGC7814,11.74,216,2.55
NGC7814,12.82,214,2.55
NGC7814,14.01,214,3.07
NGC7814,15.09,214,3.61
NGC7814,16.18,214,4.46
NGC7814,17.36,214,5.07
NGC7814,18.44,214,4.78
NGC7814,19.53,214,4.87
PGC51017,0.33,20.5,4.17
PGC51017,0.99,19.9,1.82
PGC51017,1.65,19.3,1.69
PGC51017,2.31,18.8,1.9
PGC51017,2.97,18.2,1.74
PGC51017,3.63,18.3,2.22
UGC00128,1.25,34.1,18.8
UGC00128,3.75,78.4,6.54
UGC00128,6.25,96.9,2.44
UGC00128,8.76,108,1.26
UGC00128,11.25,113,1
UGC00128,13.74,114,0.86
UGC00128,16.22,121,0.68
UGC00128,18.71,126,0.55
UGC00128,21.3,128,0.63
UGC00128,23.79,129,0.61
UGC00128,26.28,129,0.65
UGC00128,28.77,131,0.73
UGC00128,31.25,131,0.83
UGC00128,33.74,131,0.75
UGC00128,36.23,127,1.24
UGC00128,38.82,126,1.4
UGC00128,41.31,130,1.62
UGC00128,43.8,132,2.01
UGC00128,46.28,134,2.1
UGC00128,48.77,129,2.66
UGC00128,51.26,132,4.67
UGC00128,53.75,125,5.95
UGC00191,0.62,29.9,1.42
UGC00191,0.87,34.4,2.31
UGC00191,1.12,46.3,2.05
UGC00191,1.37,49.8,1.87
UGC00191,1.62,57.6,2.76
UGC00191,2.3,71.3,7.5
UGC00191,4.97,76.65,1.09
UGC00191,7.45,81,0.63
UGC00191,9.98,83.85,1.04
UGC00634,4.51,69.75,4.15
UGC00634,9.01,97.7,1.63
UGC00634,13.51,108,0.99
UGC00634,18.01,107.5,2.32
UGC00731,0.91,29.6,2.38
UGC00731,1.81,44.6,2.4
UGC00731,2.73,50.4,2.86
UGC00731,3.64,56.8,3.43
UGC00731,4.55,60.7,2.98
UGC00731,5.45,64.7,2.46
UGC00731,6.36,68,2.38
UGC00731,7.28,71.5,2.52
UGC00731,8.19,73.4,2.68
UGC00731,9.09,74,2.83
UGC00731,10,73.8,3.22
UGC00731,10.91,73.9,3.42
UGC00891,1.48,24.35,2.92
UGC00891,2.97,43.55,1.4
UGC00891,4.45,54.15,0.67
UGC00891,5.94,60.15,0.48
UGC00891,7.39,63.75,0.95
UGC01230,0.78,19.8,10.7
UGC01230,2.35,55.4,10.7
UGC01230,3.91,88.5,10.7
UGC01230,5.48,105,10.7
UGC01230,7.03,106,10.7
UGC01230,8.6,103,10.7
UGC01230,13.27,109,15.8
UGC01230,14.85,113,14.7
UGC01230,25.8,105,10.4
UGC01230,32.01,103,10
UGC01230,36.54,103,10
UGC01281,0.08,1.41,4
UGC01281,0.23,4.46,4
UGC01281,0.38,7.71,4
UGC01281,0.54,11,4
UGC01281,0.69,14.2,4
UGC01281,0.84,17.2,5.78
UGC01281,1,20.2,4.74
UGC01281,1.15,23.2,4
UGC01281,1.3,26.4,7.13
UGC01281,1.46,29.3,4.38
UGC01281,1.61,31.6,4.94
UGC01281,1.76,34.6,4
UGC01281,1.92,37.4,7.09
UGC01281,2.07,39.9,4
UGC01281,2.22,42.2,4.37
UGC01281,2.38,44.4,4.58
UGC01281,2.53,46.7,5.91
UGC01281,2.68,48.5,7.72
UGC01281,2.76,49.3,9.73
UGC01281,3.07,53,4
UGC01281,3.46,54.1,4
UGC01281,3.83,55,4
UGC01281,4.23,55.7,4
UGC01281,4.62,56.4,4
UGC01281,4.99,56.9,4
UGC02023,0.76,15.1,8.69
UGC02023,1.51,28,8.69
UGC02023,2.27,37.6,8.69
UGC02023,3.03,47.9,8.69
UGC02023,3.78,58.8,8.69
UGC02259,1.02,56.1,3.4
UGC02259,2.04,71.1,3
UGC02259,3.05,80.7,1.5
UGC02259,4.07,82.8,1.5
UGC02259,5.09,83.7,1.5
UGC02259,6.11,86,1.5
UGC02259,7.13,88.3,2.3
UGC02259,8.14,90,3
UGC02455,0.5,16.9,3.64
UGC02455,1,23.9,3.64
UGC02455,1.51,28.2,3.64
UGC02455,2.01,33,3.64
UGC02455,2.52,39.1,3.64
UGC02455,3.02,43.8,3.64
UGC02455,3.52,53.1,3.64
UGC02455,4.03,61,3.64
UGC02487,9.93,377,10.3
UGC02487,10.05,377,19.7
UGC02487,10.35,378,10.8
UGC02487,15.07,367,10.7
UGC02487,20.09,364,6.67
UGC02487,25.12,375,6.19
UGC02487,30.14,383,3.82
UGC02487,35.17,378,2.21
UGC02487,40.19,364,4
UGC02487,45.21,349,3
UGC02487,50.24,338,3.08
UGC02487,55.26,332,2.19
UGC02487,60.28,330,1.61
UGC02487,65.31,329,2.2
UGC02487,70.33,330,3.53
UGC02487,75.35,332,13.4
UGC02487,80.38,333,15.3
UGC02885,1.7,305,10
UGC02885,3.41,257,10
UGC02885,6.82,256,10
UGC02885,13.67,271,10
UGC02885,19.49,282,10
UGC02885,23.36,287,10
UGC02885,27.24,283,10
UGC02885,31.22,280,10
UGC02885,35.1,280,10
UGC02885,38.97,281,10
UGC02885,42.85,282,10
UGC02885,46.73,287,10
UGC02885,50.71,292,10
UGC02885,54.58,298,10
UGC02885,58.46,298,10
UGC02885,62.34,298,10
UGC02885,66.21,298,10
UGC02885,70.19,298,10
UGC02885,74.07,298,10
UGC02916,0.37,183,47.6
UGC02916,0.74,196,40.7
UGC02916,1.11,205,14.1
UGC02916,1.48,211,7.89
UGC02916,1.84,214,1.48
UGC02916,2.21,214,1.5
UGC02916,2.6,213,2.64
UGC02916,2.96,211,4.5
UGC02916,3.17,210,8.68
UGC02916,3.33,209,3
UGC02916,3.7,207,1.6
UGC02916,4.07,206,1.73
UGC02916,4.44,205,3.45
UGC02916,4.81,205,2.77
UGC02916,5.18,206,7.48
UGC02916,5.55,207,5.02
UGC02916,5.92,208,7.7
UGC02916,6.28,210,1.95
UGC02916,6.34,210,4.78
UGC02916,6.65,212,1.96
UGC02916,7.03,214,0.76
UGC02916,7.39,215,2.22
UGC02916,7.77,216,1.76
UGC02916,8.14,217,1.53
UGC02916,8.51,218,7.7
UGC02916,8.88,218,6.86
UGC02916,9.25,218,8.37
UGC02916,9.52,218,3.93
UGC02916,9.62,218,4.05
UGC02916,9.99,217,20.2
UGC02916,10.4,217,4.2
UGC02916,10.71,216,3.16
UGC02916,11.12,215,6.72
UGC02916,12.67,212,1.82
UGC02916,12.98,211,16.6
UGC02916,15.86,209,8.38
UGC02916,19.05,215,13.2
UGC02916,22.14,215,13.9
UGC02916,25.34,210,10.6
UGC02916,28.53,196,12.8
UGC02916,31.72,185,11.5
UGC02916,34.91,182,10.8
UGC02916,38,181,10.3
UGC02953,0.09,231,52.9
UGC02953,0.17,231,27.9
UGC02953,0.26,231,16.4
UGC02953,0.34,231,11.9
UGC02953,0.43,232,8.04
UGC02953,0.51,232,6.53
UGC02953,0.6,232,4.75
UGC02953,0.69,232,4
UGC02953,0.77,233,5.69
UGC02953,0.86,233,4.83
UGC02953,0.95,234,10.8
UGC02953,1.03,235,10.3
UGC02953,1.11,235,10.6
UGC02953,1.2,236,10.2
UGC02953,1.29,237,10.6
UGC02953,1.38,238,14.2
UGC02953,1.46,238,14.1
UGC02953,1.55,239,19.6
UGC02953,1.63,240,17.8
UGC02953,1.72,241,7.14
UGC02953,1.8,242,11.9
UGC02953,1.89,243,10.9
UGC02953,1.98,244,17.6
UGC02953,2.07,246,11.4
UGC02953,2.15,247,12.9
UGC02953,2.23,248,15.4
UGC02953,2.32,249,17.6
UGC02953,2.4,251,24
UGC02953,2.49,252,10.1
UGC02953,2.58,253,12
UGC02953,2.67,254,6.34
UGC02953,2.75,256,6.22
UGC02953,2.83,257,5.6
UGC02953,2.92,259,8.73
UGC02953,3,260,5.19
UGC02953,3.09,262,11
UGC02953,3.18,263,16
UGC02953,3.27,264,13.1
UGC02953,3.35,266,11.8
UGC02953,3.43,267,12.7
UGC02953,4.21,280,5.52
UGC02953,4.29,282,2.35
UGC02953,4.38,283,5.1
UGC02953,4.47,285,4.61
UGC02953,4.8,290,10.8
UGC02953,5.25,296,2.85
UGC02953,5.32,298,1.92
UGC02953,5.41,299,4.29
UGC02953,5.5,300,4.92
UGC02953,5.58,301,2.24
UGC02953,5.67,302,4.59
UGC02953,5.76,303,5.07
UGC02953,6,306,7.89
UGC02953,6.18,307,4.41
UGC02953,6.27,308,3.2
UGC02953,6.36,309,6.66
UGC02953,6.45,310,5.83
UGC02953,6.53,310,3.83
UGC02953,6.61,311,2.41
UGC02953,6.7,312,1.25
UGC02953,6.79,312,3.61
UGC02953,6.87,313,13.8
UGC02953,6.96,313,4.58
UGC02953,7.05,314,3.05
UGC02953,7.2,315,1.38
UGC02953,7.39,316,0.75
UGC02953,7.47,316,8.57
UGC02953,7.99,318,1.36
UGC02953,8.08,318,16
UGC02953,8.16,318,5.5
UGC02953,8.25,319,2.94
UGC02953,8.34,319,1.74
UGC02953,8.4,319,2.2
UGC02953,9.59,319,3.23
UGC02953,10.8,317,4.08
UGC02953,12.02,312,2.62
UGC02953,13.22,308,0.76
UGC02953,14.42,303,1.86
UGC02953,15.63,298,1.34
UGC02953,16.83,296,1.41
UGC02953,18.03,294,1.15
UGC02953,19.23,294,0.59
UGC02953,20.43,294,0.5
UGC02953,21.64,292,1.21
UGC02953,22.84,290,1.21
UGC02953,24.04,287,0.81
UGC02953,25.24,283,1.08
UGC02953,26.44,279,1.87
UGC02953,27.65,276,1.55
UGC02953,28.85,273,1.9
UGC02953,30.05,271,1.12
UGC02953,31.25,270,1.41
UGC02953,32.34,268,1.76
UGC02953,33.55,267,1.81
UGC02953,34.75,266,2.18
UGC02953,35.95,265,3.01
UGC02953,37.15,264,2.04
UGC02953,38.35,264,1.58
UGC02953,39.56,264,3.23
UGC02953,40.76,264,2.94
UGC02953,41.96,264,1.62
UGC02953,43.16,264,2.15
UGC02953,44.36,262,4.45
UGC02953,45.57,260,7.43
UGC02953,46.77,258,7.22
UGC02953,47.97,257,5.37
UGC02953,49.17,258,5.43
UGC02953,50.37,260,6.47
UGC02953,51.58,263,5.75
UGC02953,52.78,265,5.54
UGC02953,53.98,266,4.43
UGC02953,55.18,266,4.71
UGC02953,57.59,262,5.28
UGC02953,59.99,263,4.7
UGC02953,62.39,272,5.04
UGC03205,0.28,107,30.2
UGC03205,0.55,121,15.6
UGC03205,0.83,134,8.69
UGC03205,1.39,157,12.5
UGC03205,1.65,168,11.7
UGC03205,3.04,207,8.04
UGC03205,3.32,213,6.53
UGC03205,3.59,218,11.2
UGC03205,3.87,222,6.05
UGC03205,4.15,226,5.41
UGC03205,4.43,229,5.96
UGC03205,4.7,232,7.41
UGC03205,4.97,234,6.1
UGC03205,5.25,235,3.89
UGC03205,5.52,236,9.03
UGC03205,5.8,237,10
UGC03205,6.08,237,7.36
UGC03205,6.36,237,10.2
UGC03205,6.63,236,10.4
UGC03205,6.91,236,5.83
UGC03205,7.19,235,5.43
UGC03205,7.27,234,8.36
UGC03205,7.46,234,7.88
UGC03205,8.02,231,8.17
UGC03205,8.29,229,5.82
UGC03205,8.56,228,7.21
UGC03205,8.84,226,18.2
UGC03205,9.12,224,9.11
UGC03205,9.69,221,5.56
UGC03205,12.11,216,3.21
UGC03205,14.58,220,1.89
UGC03205,14.68,220,7.66
UGC03205,15.2,221,9.52
UGC03205,15.5,221,13.6
UGC03205,15.71,221,8.15
UGC03205,16.02,221,4.11
UGC03205,16.32,221,5.37
UGC03205,16.53,221,5.06
UGC03205,16.84,221,11.4
UGC03205,16.94,221,2.56
UGC03205,19.4,218,1.7
UGC03205,21.77,216,1.13
UGC03205,24.23,215,1.77
UGC03205,26.69,212,2.47
UGC03205,29.06,208,1.44
UGC03205,31.52,209,2.88
UGC03205,36.34,220,4.09
UGC03205,40.04,220,6.32
UGC03546,0.63,262,73.6
UGC03546,0.79,250,55.5
UGC03546,0.95,241,42.9
UGC03546,1.11,234,31.9
UGC03546,1.27,228,28.8
UGC03546,1.43,225,24.2
UGC03546,1.59,222,12.2
UGC03546,1.9,221,6.34
UGC03546,2.06,221,12.2
UGC03546,2.22,222,16.9
UGC03546,2.38,222,26
UGC03546,2.79,221,13.1
UGC03546,2.86,221,11.8
UGC03546,3.02,220,22.9
UGC03546,4.17,205,8.45
UGC03546,5.56,190,13.3
UGC03546,6.96,190,8.87
UGC03546,8.35,198,3.19
UGC03546,9.73,204,2.56
UGC03546,11.14,204,1.09
UGC03546,12.51,201,0.57
UGC03546,13.88,203,0.75
UGC03546,15.35,202,0.89
UGC03546,16.72,198,1.58
UGC03546,18.08,195,1.5
UGC03546,19.45,194,2.16
UGC03546,20.92,192,6.21
UGC03546,22.92,190,3.14
UGC03546,25.02,191,14.6
UGC03546,29.23,193,18.6
UGC03580,0.11,56.2,28.5
UGC03580,0.23,64.6,22.7
UGC03580,0.34,70.2,17.2
UGC03580,0.46,71.6,11.7
UGC03580,0.57,71,11.3
UGC03580,0.69,69,9.37
UGC03580,0.8,67.7,6.23
UGC03580,0.92,66.9,4
UGC03580,1.03,66.6,3.1
UGC03580,1.14,66.8,3.02
UGC03580,1.26,67.4,3.09
UGC03580,1.37,68.3,2.71
UGC03580,1.49,69.6,2.75
UGC03580,1.61,71.2,2.61
UGC03580,1.71,72.9,4.09
UGC03580,1.83,74.9,6.17
UGC03580,1.94,77,7.74
UGC03580,2.06,79.2,5.36
UGC03580,2.18,81.4,6.34
UGC03580,2.29,83.6,2.03
UGC03580,2.4,85.7,1.94
UGC03580,2.52,87.8,1.7
UGC03580,2.63,89.7,2.16
UGC03580,2.75,91.4,1.88
UGC03580,2.86,92.8,3.36
UGC03580,2.98,94.1,1.4
UGC03580,3.09,95.2,5.51
UGC03580,3.2,96.1,6.23
UGC03580,4.52,97.4,2.3
UGC03580,4.69,96.9,11.7
UGC03580,6.03,96.8,2.3
UGC03580,7.53,105,1.02
UGC03580,8.58,110,7.12
UGC03580,8.7,110,5.26
UGC03580,8.82,110,5.16
UGC03580,9.03,111,0.82
UGC03580,9.05,111,7.81
UGC03580,10.53,112,1.43
UGC03580,12.07,112,1.21
UGC03580,13.58,114,1.35
UGC03580,15.09,118,1.36
UGC03580,16.6,122,1.44
UGC03580,18.11,125,1.64
UGC03580,19.62,128,1.97
UGC03580,21.02,131,1.81
UGC03580,24.04,127,1.93
UGC03580,27.06,124,1.92
UGC04278,0.14,5.23,5.31
UGC04278,0.42,15.4,7.78
UGC04278,0.69,24.4,4
UGC04278,0.97,32.1,4
UGC04278,1.25,34.6,4
UGC04278,1.52,37.9,4
UGC04278,1.8,40.5,4
UGC04278,2.07,43,4
UGC04278,2.35,45.1,4
UGC04278,2.63,45.6,4
UGC04278,2.91,49.2,13
UGC04278,3.19,50.3,4
UGC04278,3.46,53.7,4.19
UGC04278,3.74,58,7.53
UGC04278,4.01,64.4,4
UGC04278,4.29,67.5,4
UGC04278,4.57,71.3,4
UGC04278,4.85,75.6,4
UGC04278,5.13,80,4
UGC04278,5.4,82.8,4
UGC04278,5.68,84.8,15.7
UGC04278,5.86,86.3,16.8
UGC04278,6.36,90.2,8.07
UGC04278,6.51,91.3,4
UGC04278,6.69,92.8,8.75
UGC04305,0.25,3.17,3.22
UGC04305,0.5,10.5,3.32
UGC04305,0.75,17.5,4.47
UGC04305,1,22.7,4.96
UGC04305,1.26,29.7,5.29
UGC04305,1.5,34.5,4.7
UGC04305,1.76,36,3.51
UGC04305,2.01,37.3,3.45
UGC04305,2.26,35.6,3.57
UGC04305,2.51,34.9,3.88
UGC04305,2.76,32.7,3.27
UGC04305,3.01,32.8,3.21
UGC04305,3.27,33.2,3.21
UGC04305,3.51,32.1,3.23
UGC04305,3.76,30.1,3.16
UGC04305,4.02,32.3,3.16
UGC04305,4.26,33.6,3.12
UGC04305,4.52,35.1,3.12
UGC04305,4.77,35.3,3.12
UGC04305,5.02,35.2,3.13
UGC04305,5.27,34.6,3.11
UGC04305,5.52,33,3.11
UGC04325,0.7,41.3,3.05
UGC04325,1.4,68.7,3.07
UGC04325,2.09,83.8,3.05
UGC04325,2.79,88.7,3.05
UGC04325,3.49,90.1,3.05
UGC04325,4.19,91.6,3.05
UGC04325,4.89,92.7,3.05
UGC04325,5.59,91.5,3.05
UGC04483,0.08,5.11,2.79
UGC04483,0.24,10.8,1.94
UGC04483,0.4,17.3,1.56
UGC04483,0.57,20.8,1.25
UGC04483,0.73,20.8,1.62
UGC04483,0.89,22.9,1.76
UGC04483,1.05,24.3,2.23
UGC04483,1.21,24.2,1.23
UGC04499,0.91,26,4.1
UGC04499,1.82,45.1,3.02
UGC04499,2.73,57,2.97
UGC04499,3.63,62,2.85
UGC04499,4.55,66.9,2.75
UGC04499,5.45,70.6,2.86
UGC04499,6.37,72.8,2.66
UGC04499,7.28,73.3,2.66
UGC04499,8.18,74.3,2.67
UGC05005,0.78,14.5,8.1
UGC05005,2.34,32.6,26.8
UGC05005,3.91,48.6,11.3
UGC05005,5.47,58.1,6.1
UGC05005,7.04,65.9,8.71
UGC05005,8.6,72.5,12.2
UGC05005,10.17,78.6,28.4
UGC05005,17.97,97.1,10
UGC05005,21.07,99.4,10
UGC05005,22.72,100,10
UGC05005,28.61,99.1,10
UGC05253,0.13,232,33.4
UGC05253,0.25,233,16.9
UGC05253,0.38,234,14.6
UGC05253,0.51,235,10.6
UGC05253,0.63,236,9.12
UGC05253,0.76,237,10.3
UGC05253,0.89,238,9.95
UGC05253,1.01,239,3.51
UGC05253,1.14,240,3.18
UGC05253,1.27,240,5.19
UGC05253,1.39,241,3.54
UGC05253,1.52,242,2.6
UGC05253,1.65,242,1.75
UGC05253,1.77,243,1.94
UGC05253,1.9,244,3.09
UGC05253,2.03,244,1.6
UGC05253,2.16,244,3
UGC05253,2.28,245,2.19
UGC05253,2.41,245,3.01
UGC05253,2.54,246,2.64
UGC05253,2.66,246,2.38
UGC05253,2.79,246,3.72
UGC05253,2.92,247,3.54
UGC05253,3.04,247,3.74
UGC05253,3.17,247,5.11
UGC05253,3.3,247,3.63
UGC05253,3.42,247,3.84
UGC05253,3.55,248,5.12
UGC05253,3.68,248,2.77
UGC05253,3.8,248,3.24
UGC05253,3.93,248,6.79
UGC05253,4.06,248,8.39
UGC05253,4.18,248,2.73
UGC05253,4.31,248,13.7
UGC05253,4.44,248,4.89
UGC05253,4.56,248,5.71
UGC05253,4.69,248,15.1
UGC05253,4.82,248,10.5
UGC05253,4.94,248,1.58
UGC05253,4.99,248,4.77
UGC05253,5.07,248,4.36
UGC05253,5.2,248,8.45
UGC05253,5.45,247,8.25
UGC05253,5.58,247,2.34
UGC05253,5.7,247,2.34
UGC05253,5.83,247,6.13
UGC05253,6.47,247,6.89
UGC05253,6.59,246,5.95
UGC05253,6.66,246,2.29
UGC05253,6.72,246,4.73
UGC05253,6.85,246,3.02
UGC05253,6.97,246,5.81
UGC05253,7.1,246,6.32
UGC05253,7.23,246,8.92
UGC05253,8.32,246,2.13
UGC05253,10,245,2.18
UGC05253,11.61,245,0.94
UGC05253,13.35,246,2.02
UGC05253,14.98,245,1.33
UGC05253,16.61,245,1.36
UGC05253,18.34,245,1.59
UGC05253,19.97,245,2.03
UGC05253,21.6,245,2.36
UGC05253,23.33,244,4.61
UGC05253,26.7,243,10.6
UGC05253,29.95,239,17
UGC05253,33.32,231,18.3
UGC05253,36.68,219,12.1
UGC05253,39.94,210,7.5
UGC05253,43.3,210,3.56
UGC05253,46.67,212,2.64
UGC05253,49.92,213,6.5
UGC05253,53.29,218,6.53
UGC05414,0.68,20.5,2.47
UGC05414,1.37,34.6,2.45
UGC05414,2.05,46,2.45
UGC05414,2.74,51.8,2.46
UGC05414,3.42,56.8,2.44
UGC05414,4.11,61.4,2.44
UGC05716,1.03,39.15,4.06
UGC05716,2.07,49.15,1.65
UGC05716,3.09,55.05,0.6
UGC05716,4.13,59.35,0.41
UGC05716,5.16,63.85,0.46
UGC05716,6.2,68.2,0.86
UGC05716,7.23,71.7,1.07
UGC05716,8.26,73.5,1.07
UGC05716,9.28,73.15,1
UGC05716,10.34,72.5,0.74
UGC05716,11.4,73,1.07
UGC05716,12.37,74.7,2.09
UGC05721,0.09,16.5,4.57
UGC05721,0.27,38.5,6.88
UGC05721,0.45,47.4,4.57
UGC05721,0.63,55.5,4.57
UGC05721,0.81,56.4,5.45
UGC05721,0.99,59.8,4.57
UGC05721,1.17,67.8,4.57
UGC05721,1.35,76.4,4.57
UGC05721,1.53,81.2,4.57
UGC05721,1.71,82.2,19.2
UGC05721,1.89,82.6,4.57
UGC05721,2.07,82.3,4.57
UGC05721,2.25,82.1,4.57
UGC05721,2.67,81.4,4.57
UGC05721,3.15,79.3,4.57
UGC05721,3.61,78.5,4.57
UGC05721,4.04,78.2,4.57
UGC05721,4.49,78.1,4.57
UGC05721,4.93,78.2,4.57
UGC05721,5.38,78.3,4.57
UGC05721,5.86,78.6,4.57
UGC05721,6.28,78.9,4.57
UGC05721,6.74,79.5,4.57
UGC05750,0.31,3.1,4.5
UGC05750,1.47,15.7,8.5
UGC05750,2.52,28,10
UGC05750,3.35,36,11
UGC05750,4.09,43.6,4.5
UGC05750,4.82,49.8,4.5
UGC05750,6.6,61.5,4.5
UGC05750,7.86,68.1,12.2
UGC05750,9.43,73.4,12.2
UGC05750,11.43,77.6,11
UGC05750,22.85,78.9,11
UGC05764,0.36,21.45,1.99
UGC05764,0.73,31.3,1.58
UGC05764,1.09,41.7,1.16
UGC05764,1.45,48.35,0.44
UGC05764,1.81,50.6,0.37
UGC05764,2.17,54.05,0.59
UGC05764,2.54,55.8,0.76
UGC05764,2.9,54.55,0.71
UGC05764,3.26,50,2.65
UGC05764,3.62,49.9,2.77
UGC05829,0.63,14.8,5.06
UGC05829,1.26,27.2,5.06
UGC05829,1.88,34.1,5.06
UGC05829,2.52,38.8,5.06
UGC05829,3.14,42.8,5.06
UGC05829,3.77,47.9,5.06
UGC05829,4.4,51.9,5.06
UGC05829,5.03,57.6,5.06
UGC05829,5.65,60.7,5.06
UGC05829,6.29,65.6,5.06
UGC05829,6.91,68.6,5.06
UGC05918,0.56,16.9,3.93
UGC05918,1.11,27.4,3.93
UGC05918,1.67,33.5,3.93
UGC05918,2.23,36.4,3.93
UGC05918,2.79,39.8,3.93
UGC05918,3.34,41.2,3.93
UGC05918,3.9,42.6,3.93
UGC05918,4.46,44.5,3.93
UGC05986,0.63,29.5,2.53
UGC05986,1.26,50.8,3.76
UGC05986,1.88,68.2,2.58
UGC05986,2.51,84.3,2.28
UGC05986,3.13,95.3,2.01
UGC05986,3.77,106,3.58
UGC05986,4.39,112,4.25
UGC05986,5.02,115,3.18
UGC05986,5.65,116,2.32
UGC05986,6.28,116,2.01
UGC05986,6.9,116,2.28
UGC05986,7.54,114,3.05
UGC05986,8.16,112,3.69
UGC05986,8.79,109,5.1
UGC05986,9.41,107,6.39
UGC05999,3.48,46.2,5
UGC05999,6.94,81.1,5
UGC05999,10.42,91.2,5
UGC05999,13.89,97.7,5
UGC05999,16.22,100,5
UGC06399,0.87,24.8,6.5
UGC06399,1.74,46.2,5.6
UGC06399,2.61,60.5,5.8
UGC06399,3.5,69.6,3.9
UGC06399,4.37,77.5,3.7
UGC06399,5.24,82.9,4.5
UGC06399,6.11,84.1,4.9
UGC06399,6.98,85.6,4.9
UGC06399,7.85,87.6,4.9
UGC06446,0.58,31.3,6.3
UGC06446,1.16,54.8,5.8
UGC06446,1.74,61.1,4.1
UGC06446,2.33,63.9,4.1
UGC06446,2.91,67.2,4.1
UGC06446,3.49,70.4,3.6
UGC06446,4.07,73.7,3.6
UGC06446,4.65,78,4.1
UGC06446,5.23,80.8,4.1
UGC06446,5.81,80.5,3.6
UGC06446,6.4,81.3,3.6
UGC06446,6.98,82.1,4.6
UGC06446,7.62,82.8,4.6
UGC06446,8.28,84.9,5.5
UGC06446,8.9,84.3,5.5
UGC06446,9.52,83.2,7
UGC06446,10.22,80.1,10.8
UGC06614,3.23,194,16.7
UGC06614,9.18,172,8.1
UGC06614,10.64,170,10.7
UGC06614,11.58,170,6.8
UGC06614,12.52,171,6.8
UGC06614,13.57,172,12.1
UGC06614,15.76,174,19.6
UGC06614,24.94,193,23.2
UGC06614,26.3,194,23
UGC06614,34.96,201,7.2
UGC06614,36.84,202,17.1
UGC06614,47.38,205,16
UGC06614,64.59,204,16
UGC06628,1.1,26.9,8.27
UGC06628,2.2,38,8.27
UGC06628,3.3,40.5,8.27
UGC06628,4.39,41.4,8.27
UGC06628,5.5,42.3,8.27
UGC06628,6.59,42.3,8.27
UGC06628,7.69,42.3,8.27
UGC06667,0.87,26.6,4.4
UGC06667,1.74,45.2,2.7
UGC06667,2.61,57,3.9
UGC06667,3.5,69.3,3
UGC06667,4.37,77.3,3.4
UGC06667,5.24,80.7,3.9
UGC06667,6.11,84,3
UGC06667,6.98,85,3
UGC06667,7.85,85.7,3.4
UGC06786,0.16,160,36
UGC06786,0.32,177,30.9
UGC06786,0.49,180,25.3
UGC06786,0.65,180,32
UGC06786,1.3,182,4.72
UGC06786,1.46,183,10.8
UGC06786,1.62,184,7.43
UGC06786,3.72,206,8.42
UGC06786,3.89,207,4.54
UGC06786,4.05,209,5.36
UGC06786,4.22,210,2.43
UGC06786,4.26,210,4.6
UGC06786,4.38,211,2.8
UGC06786,4.54,213,2.18
UGC06786,4.71,214,7.61
UGC06786,4.86,215,4.7
UGC06786,5.02,215,2.34
UGC06786,5.18,216,2.95
UGC06786,5.35,217,4.48
UGC06786,5.51,217,3.99
UGC06786,5.68,218,5.14
UGC06786,5.84,218,2.51
UGC06786,6,219,3.95
UGC06786,6.15,219,7.84
UGC06786,6.48,219,7.74
UGC06786,6.64,219,6.69
UGC06786,6.81,220,6.26
UGC06786,7.1,220,2.52
UGC06786,7.13,220,11.4
UGC06786,8.52,220,2.93
UGC06786,10.66,225,1.79
UGC06786,11.99,228,5.71
UGC06786,12.1,228,9.96
UGC06786,12.33,228,8.24
UGC06786,12.78,229,1.74
UGC06786,14.93,228,1.64
UGC06786,17.08,226,1.34
UGC06786,19.23,226,1.39
UGC06786,21.27,227,1.11
UGC06786,23.42,227,1.37
UGC06786,25.57,224,2.79
UGC06786,27.72,218,9.41
UGC06786,29.87,215,8.18
UGC06786,32.02,219,5.06
UGC06786,34.05,211,7.05
UGC06787,0.12,134,41.1
UGC06787,0.24,208,35.5
UGC06787,0.35,252,27.1
UGC06787,0.47,272,11.6
UGC06787,0.59,276,12.6
UGC06787,0.71,271,16.3
UGC06787,0.83,266,11.9
UGC06787,0.94,262,12.2
UGC06787,1.06,260,12.1
UGC06787,1.18,260,11.9
UGC06787,1.3,259,8.04
UGC06787,1.42,257,10.2
UGC06787,1.53,254,9.68
UGC06787,1.66,244,4.95
UGC06787,1.89,228,9.83
UGC06787,2.01,220,18.6
UGC06787,2.13,215,4.11
UGC06787,2.24,213,16.1
UGC06787,3.1,228,9.59
UGC06787,3.79,236,7.22
UGC06787,3.9,236,7.24
UGC06787,4.14,237,8.26
UGC06787,4.25,237,4.07
UGC06787,4.37,237,4.04
UGC06787,4.49,237,1.94
UGC06787,4.61,237,1.49
UGC06787,4.72,236,2.38
UGC06787,5.16,235,2.4
UGC06787,5.43,234,4.05
UGC06787,5.56,233,3.03
UGC06787,5.67,233,2.48
UGC06787,5.79,233,3.03
UGC06787,5.91,232,6.7
UGC06787,6.03,232,7.44
UGC06787,6.2,232,1.64
UGC06787,6.5,233,14.3
UGC06787,6.85,235,7.57
UGC06787,6.98,236,3.05
UGC06787,7.09,236,2.91
UGC06787,7.21,237,4.07
UGC06787,7.22,238,2.02
UGC06787,7.33,238,6.76
UGC06787,7.45,239,3.49
UGC06787,7.56,240,10.1
UGC06787,8.26,247,0.85
UGC06787,8.98,252,8.91
UGC06787,9.09,253,7.13
UGC06787,9.3,254,0.73
UGC06787,10.32,253,0.96
UGC06787,11.38,247,1.99
UGC06787,12.4,238,3.15
UGC06787,13.41,229,1.67
UGC06787,14.43,223,3.52
UGC06787,15.44,220,1.13
UGC06787,16.57,220,1.12
UGC06787,17.58,224,1.93
UGC06787,18.6,228,2.04
UGC06787,19.61,234,2.55
UGC06787,20.62,239,2.91
UGC06787,21.64,243,3.08
UGC06787,22.77,245,3.6
UGC06787,23.78,247,2.67
UGC06787,24.79,249,3.37
UGC06787,25.81,250,2.08
UGC06787,26.82,251,1.68
UGC06787,27.84,251,2.78
UGC06787,29.41,248,3.4
UGC06787,30.99,246,2.91
UGC06787,32.57,249,3.46
UGC06787,34.03,252,3.23
UGC06787,37.19,255,4.16
UGC06818,0.87,23.4,5.55
UGC06818,1.74,28,5.2
UGC06818,2.61,36.7,4.25
UGC06818,3.5,47.6,4.25
UGC06818,4.37,63.3,4.75
UGC06818,5.24,71.2,5.25
UGC06818,6.11,68.1,6
UGC06818,6.98,74.4,6
UGC06917,1.74,59.2,3.5
UGC06917,2.61,71.2,4
UGC06917,3.5,84.5,4.4
UGC06917,4.37,93.5,4.5
UGC06917,5.24,97.5,3.5
UGC06917,6.11,100,3.5
UGC06917,6.98,101,4
UGC06917,7.85,103,3.5
UGC06917,8.72,105,4
UGC06917,9.6,110,4.9
UGC06917,10.47,111,6
UGC06923,0.93,40.5,7.35
UGC06923,1.94,53.9,5.9
UGC06923,2.87,73,4.7
UGC06923,3.72,78.4,3.9
UGC06923,4.47,79.3,5.3
UGC06923,5.16,81.1,5.1
UGC06930,1.74,54.7,8.3
UGC06930,3.5,85.4,7
UGC06930,5.24,93.8,6.2
UGC06930,6.98,98.7,5.2
UGC06930,8.72,103,5.2
UGC06930,10.47,107,5.2
UGC06930,12.19,109,5.2
UGC06930,13.94,108,7.4
UGC06930,15.68,108,7.4
UGC06930,16.61,108,7.4
UGC06973,1.74,170,4.7
UGC06973,2.61,174,4.2
UGC06973,3.5,170,4.2
UGC06973,4.37,170,4.3
UGC06973,5.32,171,4.8
UGC06973,6.28,174,4.9
UGC06973,6.81,177,10.1
UGC06973,7.33,178,6.3
UGC06973,7.85,180,7.7
UGC06983,1.74,56.9,6.6
UGC06983,2.61,87.4,4.8
UGC06983,3.5,92.1,5.7
UGC06983,4.37,93.5,5.2
UGC06983,5.24,98.2,4.4
UGC06983,6.11,99.7,4.4
UGC06983,6.98,102,3.5
UGC06983,7.85,107,4.4
UGC06983,8.72,108,4.4
UGC06983,9.6,110,4.4
UGC06983,10.47,113,4.4
UGC06983,11.35,110,5.2
UGC06983,12.19,108,5.7
UGC06983,13.12,109,8.6
UGC06983,13.94,108,9.8
UGC06983,14.86,108,9.8
UGC06983,15.68,109,12.3
UGC07089,0.87,20.9,4.7
UGC07089,1.74,36.4,3.9
UGC07089,2.61,43.4,3.9
UGC07089,3.5,51.2,4.7
UGC07089,4.37,59.7,3.9
UGC07089,5.24,64.5,4.4
UGC07089,6.11,67.9,3.9
UGC07089,6.55,72.8,7.3
UGC07089,6.98,70.3,6.1
UGC07089,7.85,73.7,6.1
UGC07089,8.72,77.6,6.1
UGC07089,9.16,79.1,7.3
UGC07125,1.44,26.1,3.3
UGC07125,2.88,43,3.47
UGC07125,4.33,48.5,2.35
UGC07125,5.76,52.5,2
UGC07125,7.2,56.4,2.05
UGC07125,8.64,58.5,2.21
UGC07125,10.08,61.5,2.1
UGC07125,11.47,64.6,2.01
UGC07125,13,65.6,2.12
UGC07125,14.42,65.4,2.65
UGC07125,15.84,65.5,3.05
UGC07125,17.26,65.1,3.22
UGC07125,18.68,64.9,3.48
UGC07151,0.5,24.2,2.18
UGC07151,1,42,2.91
UGC07151,1.5,59.4,2.4
UGC07151,2,63.9,2.01
UGC07151,2.49,66,2
UGC07151,3,67.2,2.07
UGC07151,3.49,68.7,2.38
UGC07151,4,71.3,2.91
UGC07151,4.49,72.5,3.21
UGC07151,5.01,74,3.41
UGC07151,5.5,76.2,3.17
UGC07232,0.21,16.4,3.3
UGC07232,0.41,26.2,3.3
UGC07232,0.62,35.2,3.3
UGC07232,0.82,44,3.3
UGC07261,0.95,46.8,5.66
UGC07261,1.9,63,5.66
UGC07261,2.86,66.8,5.66
UGC07261,3.81,69.6,5.66
UGC07261,4.76,73.4,5.66
UGC07261,5.72,74.7,5.66
UGC07261,6.67,76.1,5.66
UGC07323,0.58,23.9,3.87
UGC07323,1.17,34.7,3.87
UGC07323,1.75,42.8,3.87
UGC07323,2.33,51.3,3.87
UGC07323,2.91,57.7,3.87
UGC07323,3.5,67.3,3.87
UGC07323,4.07,75.4,3.87
UGC07323,4.65,79.5,3.87
UGC07323,5.23,82.8,3.87
UGC07323,5.82,85.6,3.87
UGC07399,0.61,47.3,2.77
UGC07399,1.22,70.4,3.27
UGC07399,1.84,83.7,2.5
UGC07399,2.45,89.1,2.45
UGC07399,3.07,91.7,2.48
UGC07399,3.68,95.1,3.01
UGC07399,4.3,96.9,3.62
UGC07399,4.91,100,3.9
UGC07399,5.52,103,4.82
UGC07399,6.13,106,4.97
UGC07524,0.35,14.4,2.82
UGC07524,0.69,24.4,3.97
UGC07524,1.03,29.2,3.26
UGC07524,1.38,32.9,3.73
UGC07524,1.72,37.8,3.41
UGC07524,2.07,42,3.12
UGC07524,2.41,45.1,2.92
UGC07524,2.76,47.6,2.79
UGC07524,3.1,52.3,2.78
UGC07524,3.45,57.3,2.78
UGC07524,3.79,61.4,2.93
UGC07524,4.14,64.5,3.42
UGC07524,4.48,66.4,4.53
UGC07524,4.82,66.9,5.46
UGC07524,5.17,69.4,4.77
UGC07524,5.51,70.2,4.44
UGC07524,5.86,70.9,4.24
UGC07524,6.2,72.3,4.38
UGC07524,6.55,73.9,3.51
UGC07524,6.89,75,3.22
UGC07524,7.25,75.5,3.23
UGC07524,7.58,77.1,2.98
UGC07524,7.94,77,2.79
UGC07524,8.27,77,2.82
UGC07524,8.63,78.2,2.93
UGC07524,8.97,79.6,3.14
UGC07524,9.3,80.3,3.39
UGC07524,9.66,81.2,3.66
UGC07524,9.99,82.3,3.9
UGC07524,10.35,83.8,4.1
UGC07524,10.69,79,2.78
UGC07559,0.36,9.31,3.23
UGC07559,0.72,15.9,3.23
UGC07559,1.08,21.4,3.23
UGC07559,1.45,26.1,3.23
UGC07559,1.8,29.7,3.23
UGC07559,2.17,31.1,3.23
UGC07559,2.53,32.1,3.23
UGC07577,0.19,3.74,3.17
UGC07577,0.38,5.4,3.17
UGC07577,0.57,7.31,3.17
UGC07577,0.75,8.85,3.17
UGC07577,0.94,10.7,3.17
UGC07577,1.13,12.4,3.17
UGC07577,1.32,14.1,3.17
UGC07577,1.51,15.9,3.17
UGC07577,1.69,17.8,3.17
UGC07603,0.34,19.6,2.89
UGC07603,0.68,32.5,2.89
UGC07603,1.02,41.9,2.89
UGC07603,1.37,50.6,2.89
UGC07603,1.71,57,2.89
UGC07603,2.05,60.5,2.89
UGC07603,2.39,60.5,2.89
UGC07603,2.74,60,2.89
UGC07603,3.08,61.5,2.89
UGC07603,3.42,61.5,2.89
UGC07603,3.76,63,2.89
UGC07603,4.11,64,2.89
UGC07608,0.6,14.6,6.69
UGC07608,1.19,31.5,6.69
UGC07608,1.79,44.8,6.69
UGC07608,2.38,50.6,6.69
UGC07608,2.99,55.6,6.69
UGC07608,3.59,61.4,6.69
UGC07608,4.18,66,6.69
UGC07608,4.78,69.3,6.69
UGC07690,0.59,45.3,4.31
UGC07690,1.18,59.8,4.31
UGC07690,1.77,60.7,4.31
UGC07690,2.36,58.8,4.31
UGC07690,2.95,57.9,4.31
UGC07690,3.54,56.9,4.31
UGC07690,4.13,55.9,4.31
UGC07866,0.33,12.2,4.07
UGC07866,0.66,19.4,4.07
UGC07866,1,23.9,4.07
UGC07866,1.33,26,4.07
UGC07866,1.67,28.2,4.07
UGC07866,2,30.6,4.07
UGC07866,2.32,33.1,4.07
UGC08286,0.47,22.2,2.81
UGC08286,0.95,43.4,3.47
UGC08286,1.42,60.2,3.04
UGC08286,1.9,69.6,2.05
UGC08286,2.37,72.5,2
UGC08286,2.84,74.3,2.02
UGC08286,3.3,75.8,2.01
UGC08286,3.78,77.2,2.05
UGC08286,4.25,79.3,2.08
UGC08286,4.73,81.3,2.08
UGC08286,5.2,81.6,2.03
UGC08286,5.67,82.1,2.02
UGC08286,6.15,82.9,2
UGC08286,6.62,83.2,2
UGC08286,7.1,83.5,2.02
UGC08286,7.57,83.8,2
UGC08286,8.04,84.3,2
UGC08490,0.34,38.8,3.69
UGC08490,0.68,50.1,3.69
UGC08490,1.02,60.2,3.69
UGC08490,1.36,68.2,3.69
UGC08490,1.69,72.8,3.69
UGC08490,2.03,75.3,3.69
UGC08490,2.37,76.6,3.69
UGC08490,2.7,77.6,3.69
UGC08490,3.05,78.5,3.69
UGC08490,3.38,78.2,3.69
UGC08490,3.72,78.8,3.69
UGC08490,4.06,79.2,3.69
UGC08490,4.39,79.2,3.69
UGC08490,4.74,79.2,3.69
UGC08490,5.08,78.8,3.69
UGC08490,5.41,78.5,3.69
UGC08490,5.75,80.1,3.69
UGC08490,6.09,80.1,3.69
UGC08490,6.42,80.1,3.69
UGC08490,6.77,80.1,3.69
UGC08490,7.11,79.8,3.69
UGC08490,7.44,79.8,3.69
UGC08490,7.78,79.5,3.69
UGC08490,8.12,79.5,3.69
UGC08490,8.46,78.8,3.69
UGC08490,8.8,77.9,3.69
UGC08490,9.13,77.2,3.69
UGC08490,9.47,77.6,3.69
UGC08490,9.77,76.6,3.69
UGC08490,10.15,77.6,3.69
UGC08550,0.49,25,2.04
UGC08550,0.97,42.5,2.7
UGC08550,1.47,48,2.15
UGC08550,1.95,49.2,2.08
UGC08550,2.44,50.4,2.06
UGC08550,2.92,51.6,2.04
UGC08550,3.41,53.2,2
UGC08550,3.89,55.1,2.05
UGC08550,4.39,57.8,2.24
UGC08550,4.88,57.3,2
UGC08550,5.36,57.5,2
UGC08699,0.22,152,39.4
UGC08699,0.43,167,32.9
UGC08699,0.65,179,20.9
UGC08699,0.87,188,15.7
UGC08699,1.08,195,10.6
UGC08699,1.31,199,8.88
UGC08699,1.52,202,4.4
UGC08699,1.73,202,2.3
UGC08699,1.96,202,3.38
UGC08699,2.17,200,4.47
UGC08699,2.39,196,2.88
UGC08699,2.6,193,3.32
UGC08699,2.83,189,2.21
UGC08699,3.04,184,14
UGC08699,5.87,170,5.45
UGC08699,6.08,172,6.66
UGC08699,6.3,174,3.96
UGC08699,6.52,176,5.18
UGC08699,6.74,178,3.04
UGC08699,6.95,180,2.75
UGC08699,7.16,182,2.34
UGC08699,7.39,183,3.39
UGC08699,7.6,184,7.58
UGC08699,7.82,185,6.08
UGC08699,8.03,186,6.73
UGC08699,8.26,187,6.83
UGC08699,8.47,187,6.11
UGC08699,8.68,188,4.78
UGC08699,8.91,188,4.14
UGC08699,9.53,187,5.93
UGC08699,9.78,187,7.63
UGC08699,9.99,186,7.89
UGC08699,10.21,186,9.86
UGC08699,11.46,182,2.51
UGC08699,13.39,177,3.62
UGC08699,15.21,175,6.71
UGC08699,17.13,177,6.13
UGC08699,19.06,180,3.95
UGC08699,20.99,181,4.46
UGC08699,22.92,182,7.09
UGC08699,25.7,183,7.49
UGC08837,0.52,7.31,2.12
UGC08837,1.05,14.6,2.05
UGC08837,1.57,21,2.05
UGC08837,2.09,28.1,2.06
UGC08837,2.63,35.3,2.5
UGC08837,3.15,43,3.38
UGC08837,3.68,46.6,3.15
UGC08837,4.2,48,3
UGC09037,2.43,62.2,5.69
UGC09037,3.65,88.2,3.85
UGC09037,4.86,107,4.42
UGC09037,6.08,120,3.93
UGC09037,7.29,124,5.15
UGC09037,8.51,128,4.29
UGC09037,9.73,133,5.36
UGC09037,10.96,138,6.78
UGC09037,12.19,143,6.42
UGC09037,13.41,146,5.4
UGC09037,14.55,148,4.5
UGC09037,15.78,154,4.46
UGC09037,17,158,4.02
UGC09037,18.23,159,5.07
UGC09037,19.46,160,7.33
UGC09037,20.69,158,7.82
UGC09037,21.92,155,8.07
UGC09037,23.14,156,7.93
UGC09037,24.28,154,9.09
UGC09037,25.51,150,13.4
UGC09037,26.73,141,20.1
UGC09037,27.96,152,16
UGC09133,0.32,284,34.7
UGC09133,0.63,282,18.8
UGC09133,0.95,281,12.6
UGC09133,1.26,280,10.6
UGC09133,1.58,280,10.8
UGC09133,1.89,279,7.67
UGC09133,2.21,279,11.2
UGC09133,2.52,279,4.45
UGC09133,2.84,279,5.03
UGC09133,3.15,279,4.26
UGC09133,3.47,279,4.14
UGC09133,3.79,279,5.73
UGC09133,4.1,280,4.52
UGC09133,4.42,280,4.86
UGC09133,4.73,280,1.59
UGC09133,5.05,281,1.85
UGC09133,5.36,282,4.81
UGC09133,5.68,282,20.3
UGC09133,5.99,283,12.8
UGC09133,6.31,284,8.08
UGC09133,6.62,284,7.81
UGC09133,6.94,285,10.4
UGC09133,7.57,286,6.82
UGC09133,7.89,287,13.4
UGC09133,8.2,287,10.5
UGC09133,8.31,288,2.93
UGC09133,8.52,288,5.58
UGC09133,8.83,288,5.74
UGC09133,9.15,288,7
UGC09133,9.78,289,12.7
UGC09133,10.1,289,3.89
UGC09133,11.04,288,5.02
UGC09133,11.36,288,3.39
UGC09133,11.67,288,10.7
UGC09133,13.57,285,4.07
UGC09133,13.88,284,8.92
UGC09133,14.2,284,5.69
UGC09133,16.61,278,9.14
UGC09133,19.35,273,6.1
UGC09133,22.19,269,2.26
UGC09133,24.92,265,1.32
UGC09133,27.66,262,3.15
UGC09133,30.5,257,4.71
UGC09133,33.23,252,4.96
UGC09133,35.96,247,2.58
UGC09133,38.8,242,2.52
UGC09133,41.54,238,2.3
UGC09133,44.27,235,0.63
UGC09133,47.11,236,1.4
UGC09133,49.84,239,2.07
UGC09133,52.58,242,2.63
UGC09133,55.42,245,1.64
UGC09133,58.15,247,1.31
UGC09133,60.89,246,2.14
UGC09133,63.62,243,4
UGC09133,66.46,239,4.67
UGC09133,69.19,234,5.12
UGC09133,71.93,230,2.1
UGC09133,74.77,228,1.32
UGC09133,77.5,228,1.6
UGC09133,80.23,227,3.16
UGC09133,83.07,226,3.48
UGC09133,85.81,224,3.71
UGC09133,88.54,222,1.49
UGC09133,91.38,222,1.18
UGC09133,94.12,224,1.22
UGC09133,99.69,227,2.8
UGC09133,108.31,229,4.12
UGC09992,0.78,28.1,5.66
UGC09992,1.55,31.3,5.66
UGC09992,2.34,33,5.66
UGC09992,3.12,33.4,5.66
UGC09992,3.89,34.3,5.66
UGC10310,1.1,33.2,5.06
UGC10310,2.21,54.6,5.06
UGC10310,3.31,65.7,5.06
UGC10310,4.42,69.2,5.06
UGC10310,5.52,70.9,5.06
UGC10310,6.64,72.4,5.06
UGC10310,7.74,73.2,5.06
UGC11455,0.62,35.1,4.01
UGC11455,1.23,64.6,4.19
UGC11455,1.83,80.1,6.32
UGC11455,2.47,113,10.4
UGC11455,3.08,136,7.59
UGC11455,3.68,150,7.75
UGC11455,4.32,171,9.19
UGC11455,4.91,192,9.16
UGC11455,5.53,197,9.96
UGC11455,6.17,195,12.4
UGC11455,6.78,196,7.09
UGC11455,7.38,216,5.99
UGC11455,8,225,5.24
UGC11455,8.62,240,6.15
UGC11455,9.23,247,4.37
UGC11455,9.85,254,6.48
UGC11455,10.43,257,7.41
UGC11455,11.05,273,5.38
UGC11455,11.67,272,5.98
UGC11455,12.19,270,20.9
UGC11455,12.91,279,9.4
UGC11455,14.56,287,10.8
UGC11455,16.63,291,10
UGC11455,17.77,286,9.67
UGC11455,18.49,288,6.96
UGC11455,20.24,289,6.63
UGC11455,22.62,288,10
UGC11455,24.89,269,8.23
UGC11455,27.06,267,7.11
UGC11455,29.13,272,5.36
UGC11455,31.3,274,5.78
UGC11455,33.46,259,5.81
UGC11455,35.53,272,6.69
UGC11455,37.7,274,6.39
UGC11455,39.87,272,5.59
UGC11455,41.93,266,8.82
UGC11557,0.33,4,7.9
UGC11557,0.99,17,8.6
UGC11557,1.76,33.3,7.9
UGC11557,2.42,44.9,10.5
UGC11557,3.19,53,7.9
UGC11557,3.85,60.8,7.9
UGC11557,4.62,69,7.9
UGC11557,5.28,76.6,7.9
UGC11557,5.94,85,7.9
UGC11557,7.04,78.1,6.7
UGC11557,8.8,81.6,6.7
UGC11557,10.56,84.5,6.7
UGC11820,0.26,16,5.09
UGC11820,0.44,18.9,4.44
UGC11820,0.61,25.8,3.36
UGC11820,0.79,35.8,3.79
UGC11820,1.01,44.1,7.91
UGC11820,5.26,59.65,0.98
UGC11820,7.91,69.15,1.23
UGC11820,10.52,76.95,0.54
UGC11820,13.14,81.25,0.73
UGC11820,15.82,84.45,1.31
UGC11914,0.28,168,49.7
UGC11914,0.37,187,40.2
UGC11914,0.47,204,26.9
UGC11914,0.56,218,23.5
UGC11914,0.65,232,8.63
UGC11914,0.75,243,4.97
UGC11914,0.84,253,3.65
UGC11914,0.93,262,2.86
UGC11914,1.03,269,3.8
UGC11914,1.12,275,5.39
UGC11914,1.21,280,5.01
UGC11914,1.3,284,10
UGC11914,1.41,287,6.59
UGC11914,1.5,289,3.56
UGC11914,1.59,290,6.13
UGC11914,1.68,291,10.2
UGC11914,1.78,292,8.61
UGC11914,1.87,292,11.2
UGC11914,1.96,291,5.15
UGC11914,2.05,291,4.92
UGC11914,2.16,291,9.32
UGC11914,2.25,290,7.19
UGC11914,2.34,290,12.2
UGC11914,2.43,290,7.94
UGC11914,2.46,290,5.16
UGC11914,2.53,290,3.56
UGC11914,2.62,290,3.79
UGC11914,2.71,290,5.65
UGC11914,2.8,290,9.38
UGC11914,2.99,290,10.6
UGC11914,3.28,291,15.3
UGC11914,3.74,292,18.8
UGC11914,3.83,292,15.2
UGC11914,4.02,292,19.8
UGC11914,4.09,292,2.4
UGC11914,4.12,292,9
UGC11914,4.3,291,8.71
UGC11914,4.39,291,7.92
UGC11914,4.49,291,8.84
UGC11914,4.58,290,4.2
UGC11914,4.87,289,10.6
UGC11914,4.91,288,2.26
UGC11914,4.96,288,6.97
UGC11914,5.05,287,3.23
UGC11914,5.14,287,10.2
UGC11914,5.24,286,10.3
UGC11914,5.33,286,17.8
UGC11914,5.42,285,11.4
UGC11914,5.51,285,12
UGC11914,5.61,284,4.03
UGC11914,5.71,284,4.73
UGC11914,5.8,283,6.44
UGC11914,5.89,283,4.96
UGC11914,5.98,283,5.37
UGC11914,6.08,283,11
UGC11914,6.15,283,1.14
UGC11914,6.17,283,17.3
UGC11914,6.26,283,7.94
UGC11914,6.35,283,18.3
UGC11914,6.73,284,10.5
UGC11914,6.83,284,9.37
UGC11914,6.92,285,12.9
UGC11914,7.37,288,1.24
UGC11914,8.6,297,2.13
UGC11914,9.83,305,5.07
UGC12506,0.82,107,25.6
UGC12506,2.46,159,26.5
UGC12506,4.1,194,13.9
UGC12506,5.74,198,14.6
UGC12506,7.38,211,13.2
UGC12506,9.02,222,13.6
UGC12506,10.65,230,11.6
UGC12506,12.29,239,11.6
UGC12506,13.93,237,11.6
UGC12506,15.57,240,11.6
UGC12506,17.21,245,11.6
UGC12506,18.85,249,11.6
UGC12506,20.49,248,11.6
UGC12506,22.13,250,11.6
UGC12506,23.77,255,11.6
UGC12506,25.41,244,14.9
UGC12506,27.05,244,11.6
UGC12506,28.68,249,11.6
UGC12506,30.32,251,11.6
UGC12506,31.96,249,11.6
UGC12506,33.6,244,12.9
UGC12506,35.24,239,16.2
UGC12506,36.88,238,18.4
UGC12506,38.52,241,24.9
UGC12506,40.16,237,23
UGC12506,41.8,228,14
UGC12506,43.44,233,16.9
UGC12506,45.08,233,13.7
UGC12506,46.71,230,11.6
UGC12506,48.35,226,11.6
UGC12506,49.99,225,11.6
UGC12632,0.71,24.1,7.55
UGC12632,1.42,33.6,5.02
UGC12632,2.14,44.8,3.38
UGC12632,2.85,54.4,2.9
UGC12632,3.55,57.4,2.89
UGC12632,4.26,61.4,3.44
UGC12632,4.97,63.8,3.64
UGC12632,5.69,65.5,3.82
UGC12632,6.4,67.6,3.54
UGC12632,7.11,69.2,2.91
UGC12632,7.82,70.3,2.79
UGC12632,8.52,71.4,2.93
UGC12632,9.25,73.2,3
UGC12632,9.95,73,2.81
UGC12632,10.66,73.1,2.79
UGC12732,0.96,34.2,3.32
UGC12732,1.92,49.5,4.6
UGC12732,2.88,59.9,4.38
UGC12732,3.84,65.3,4.31
UGC12732,4.8,69.8,3.83
UGC12732,5.76,73.8,3.45
UGC12732,6.72,76.2,3.24
UGC12732,7.68,79.3,3.19
UGC12732,8.64,80.3,3.31
UGC12732,9.6,81.9,3.69
UGC12732,10.6,84,3.89
UGC12732,11.5,85.6,3.67
UGC12732,12.5,87.9,3.43
UGC12732,13.4,90.8,3.36
UGC12732,14.4,95.5,3.18
UGC12732,15.4,98,3.18
UGCA281,0.09,7,2.49
UGCA281,0.25,14.9,1.35
UGCA281,0.41,21.1,1.37
UGCA281,0.58,26,1.24
UGCA281,0.74,27.5,1.59
UGCA281,0.9,28.8,2.57
UGCA281,1.08,29.5,1.85
UGCA442,0.42,14.2,1.91
UGCA442,1.26,28.6,1.82
UGCA442,2.11,41,1.74
UGCA442,2.96,49,1.91
UGCA442,3.79,54.8,2.05
UGCA442,4.65,56.4,3.12
UGCA442,5.48,57.8,2.83
UGCA442,6.33,56.5,0.65
UGCA444,0.12,6.48,2.6
UGCA444,0.19,8.6,2.65
UGCA444,0.26,10.2,3.03
UGCA444,0.33,11.7,3.55
UGCA444,0.4,12.7,3.75
UGCA444,0.47,14.1,3.43
UGCA444,0.55,16,3.33
UGCA444,0.62,18.1,2.66
UGCA444,0.69,21.2,3.78
UGCA444,0.76,21.6,3.33
UGCA444,0.83,23.3,3.09
UGCA444,0.9,24.5,3.26
UGCA444,0.97,24.4,3.29
UGCA444,1.04,25.3,2.78
UGCA444,1.11,25.4,2.78
UGCA444,1.19,25.9,2.73
UGCA444,1.26,26.7,2.67
UGCA444,1.33,27.1,3.16
UGCA444,1.4,28.6,3.34
UGCA444,1.48,28.9,3.21
UGCA444,1.55,30.4,4.14
UGCA444,1.62,30.8,4.35
UGCA444,1.69,30.5,4.56
UGCA444,1.75,33,4.04
UGCA444,1.83,32.1,4.35
UGCA444,1.9,32.9,4.36
UGCA444,1.97,34.2,4.9
UGCA444,2.04,32.6,3.98
UGCA444,2.11,33.7,4.73
UGCA444,2.19,33.8,4.67
UGCA444,2.26,34.9,3.74
UGCA444,2.33,36.1,5.47
UGCA444,2.4,37.2,5.39
UGCA444,2.48,37.6,7.1
UGCA444,2.55,35.6,4.73
UGCA444,2.62,38.3,7.78
